-- phpMyAdmin SQL Dump
-- version 5.0.1
-- https://www.phpmyadmin.net/
--
-- Host: 127.0.0.1
-- Generation Time: May 15, 2020 at 10:16 AM
-- Server version: 10.4.11-MariaDB
-- PHP Version: 7.4.2

SET SQL_MODE = "NO_AUTO_VALUE_ON_ZERO";
SET AUTOCOMMIT = 0;
START TRANSACTION;
SET time_zone = "+00:00";


/*!40101 SET @OLD_CHARACTER_SET_CLIENT=@@CHARACTER_SET_CLIENT */;
/*!40101 SET @OLD_CHARACTER_SET_RESULTS=@@CHARACTER_SET_RESULTS */;
/*!40101 SET @OLD_COLLATION_CONNECTION=@@COLLATION_CONNECTION */;
/*!40101 SET NAMES utf8mb4 */;

--
-- Database: `book4u`
--

-- --------------------------------------------------------

--
-- Table structure for table `author`
--

CREATE TABLE `author` (
  `author_id` int(11) NOT NULL,
  `author_name` varchar(100) NOT NULL,
  `email` varchar(50) DEFAULT NULL
) ENGINE=InnoDB DEFAULT CHARSET=utf8mb4;

--
-- Dumping data for table `author`
--

INSERT INTO `author` (`author_id`, `author_name`, `email`) VALUES
(1, 'ธิดารัตน์ เจริญชัยชนะ', NULL),
(2, 'Johann Hari', NULL),
(3, 'นพ.ปีย์ เชษฐ์โชติศักดิ์', NULL),
(4, 'เสนาร์ด โคเรน', NULL),
(5, 'Erling Kagge', NULL),
(6, 'ณัฐวุฒิ เผ่าทวี', NULL),
(7, 'Neale Donald Walsch', NULL),
(8, 'Irvin D. Yalom', NULL),
(9, 'M. Scott Peck', NULL),
(10, 'Brian Weiss, M.D. (ดร. ไบรอัน ไวส์)', NULL),
(11, 'ทีปกร วุฒิพิทยามงคล', NULL),
(12, 'HIRO SANO', NULL),
(13, 'PAKAPRICH', NULL),
(14, 'วิลาศิณี คู่ปัถพี', NULL),
(15, 'เกศรินทร์ ล้ำ', NULL),
(16, 'ละออ ศิริบรรลือชัย', NULL),
(17, 'อดิศักดิ์ จันทร์ดวง', NULL),
(18, 'MR.MINT', NULL),
(19, 'ศศิ วีระเศรษฐกุล', NULL),
(20, 'DPlus Guide Team', NULL),
(21, 'กวี ชูกิจเกษม', NULL),
(22, 'ศ.กิตติคุณ รท.หญิง ดร. อัจฉรา จันทร์ฉาย, ดร. ศิพัฒน์ ไตรอุโฆษ', NULL),
(23, 'ลงทุนแมน', NULL),
(24, 'Jeff Weiss', NULL),
(25, 'ผศ.ดร.พัชรา วาณิชวศิน', NULL),
(26, 'Leander Kahney', NULL),
(27, 'Philip Kotler', NULL),
(28, 'ศ.ดร.นภดล ร่มโพธิ์', NULL),
(29, 'Claudio Fernandez-Araoz', NULL),
(30, 'สุนันท์ ศรีจันทรา', NULL),
(31, 'LEGO', NULL),
(32, 'ลา ฟลอร่า', NULL),
(33, 'Disney', NULL),
(34, 'Yim,Chang-ho', NULL),
(35, 'Gomdori co.', NULL),
(36, 'กอง บก.ธีพง บรรจงเปลี่ยน', NULL),
(37, 'Song Do Su', NULL),
(38, 'RocketPan Studio, ดุนนียา อับดุลกาเดร์, ณัฐวัฒน์ แซ่ปึง, วิษณุ อุปถัมพันธุ์', NULL),
(39, 'กองบรรณาธิการสำนักพิมพ์ห้องเรียน', NULL),
(40, 'KOYOHARU GOTOUGE', NULL),
(41, 'เค อามากิ', NULL),
(42, 'โคฮาคุ คุโรโบชิ', NULL),
(43, 'โอโตสึกุ โคโนเอะ', NULL),
(44, 'กันย์', NULL),
(45, 'เนโกะคุราเงะ, โทโกะ ชิโนะ', NULL),
(46, 'นัตสึเมะ อากาสึกิ', NULL),
(47, 'คุโมะ คากิว', NULL),
(48, 'HAJIME ISAYAMA', NULL),
(49, 'โมเซียงถงซิ่ว', NULL),
(50, 'Scriper', NULL),
(51, 'ฮิงาชิโนะ เคโงะ', NULL),
(52, 'ล.โลกลัลล้า', NULL),
(53, 'Jiu Xiao Qi', NULL),
(54, 'เก้าแต้ม', NULL),
(55, 'ยอนิม', NULL),
(56, 'อี้เหรินเป่ย', NULL),
(57, 'Yim, Kang-Jae', NULL),
(58, 'Hong, Jaecheol', NULL),
(59, 'Song Do Su', NULL),
(60, 'KAZUHIKO MISHIMA', NULL),
(61, 'Xiao jiangnan', NULL),
(62, 'Gomdori co.', NULL),
(63, 'Coundsheck\'s Journey', NULL),
(64, 'Supermod', NULL),
(65, 'คุณากร วาณิชย์วิรุฬห์/พาฝัน ศุภวานิช', NULL),
(66, 'วงศ์ประชา จันทร์สมวงศ์', NULL),
(67, 'ตะวัน พันธ์แก้ว', NULL),
(68, 'วรุตม์ โอนพรัตน์วิบูล', NULL),
(69, 'Shin Sung Il', NULL),
(70, 'พลอย จริยะเวช', NULL),
(71, 'ศ.ดร.เกรียงศักดิ์ เจริญวงศ์ศักดิ์', NULL),
(72, 'Barista red', NULL),
(73, 'โคะบะยะชิ ทะดะอะกิ', NULL),
(74, 'ยิ่งยอด หวังประโยชน์,ธนิดา อภิสิทธิ์,รุจ', NULL),
(75, 'รัฐธีร์ ชาญชินปวิณณัช', NULL),
(76, 'โทดะ คุมิ', NULL),
(77, 'Foggy Time', NULL),
(78, 'Daniel H.Pink', NULL),
(79, 'วาตานาเบะ ปง', NULL),
(80, 'Violet Rain', NULL),
(81, 'K. J. Charles', NULL),
(82, 'Mari Asami', NULL),
(83, 'canis', NULL),
(84, 'Huai Shang', NULL),
(85, 'Stuff.lilac', NULL),
(86, 'พลอยพรรณ', NULL),
(87, 'npranger', NULL),
(88, 'RabbitRose', NULL),
(89, 'สิทธิพล วิบูลย์ธนากุล', NULL),
(90, 'วรรณพงษ์ ดุรงคเวโรจน์', NULL),
(91, 'ชนะ วนิชพันธุ์', NULL),
(92, 'จิรัฏฐ์ หิรัญปภาพิศุทธิ์', NULL),
(93, 'Michael E. Gerber', NULL),
(94, 'ณัฐวศา สุทธิธาดา', NULL),
(95, 'Ming Zeng', NULL),
(96, 'โฮริ คิมิโทชิ', NULL),
(97, 'Jason Fried & David H. Hansson', NULL),
(98, 'Mike Michalowicz', ''),
(99, 'รัตนา คชนาท', ''),
(100, 'PREONY LEWIS', ''),
(101, 'เอลิซาเบท เวอร์ดิก', ''),
(102, 'น้านกฮูก', ''),
(103, 'กองบรรณาธิการมังกี้บุ๊กส์', ''),
(104, 'ฤทัย จงสฤษดิ์', ''),
(105, 'พี่กุ๊ดจี่', ''),
(106, 'จูดี้ แอ๊บบอด', ''),
(107, 'เอมี เคราส์ โรเซินทาล', ''),
(108, 'กัว หงเหวิน', NULL),
(109, 'อวี่จิ่วฮวา', NULL),
(110, 'สุดไผท เมืองไทย', NULL),
(111, 'นิ้วกลม', NULL),
(112, 'ฮาราดะ', NULL),
(113, 'Shoko Hidaka', NULL),
(114, 'อู่เฉินฉวน', NULL),
(115, 'Dr.Guy Winch', NULL),
(116, 'busy-day', NULL),
(117, 'พริม โกมลกิติ', NULL),
(118, 'มากาเร็ต ไวส์ บราวน์,เคลเมนต์ เฮิร์ด', NULL),
(119, 'หยาง หยาง ทู่', NULL),
(120, 'มาจะกล่าวบทไป', NULL),
(121, 'ฮัวเชิ่ง', NULL),
(122, 'พิชัย จงไพรัตน์', NULL),
(123, 'Christina Wodtke', NULL),
(124, 'หนานไพ่ซานซู', NULL),
(125, 'Half-Chan', NULL),
(126, 'เจนนี่ เบลค (Jenny Blake)', NULL),
(127, 'สุมลรัตน์ ภิรมย์ธนากุล', NULL),
(128, 'สารินี เจิน', NULL),
(129, 'วิเชียร ไชยบัง', NULL),
(130, 'โอม รัชเวทย์', NULL),
(131, 'Yan Liang Yu', NULL),
(132, 'สุกิจ ศุภกิจเจริญ', NULL),
(133, 'ณ จันทร์', NULL),
(134, 'อาจารย์โตโร่', NULL),
(135, 'แพทย์หญิงเสาวภา พรจินดารักษ์', NULL),
(136, 'นรัชสทวรรณ ลีเศรษฐเลิศ (บันนี่)', NULL),
(137, 'Castle-G', NULL),
(138, 'ขุนเขา สินธุเสน เขจรบุตร', NULL),
(139, 'อันเดรส พิร่า', NULL),
(140, 'อดิศักดิ์ จันทร์ดวง', NULL),
(141, 'สองขา', NULL),
(142, 'C3 Studio', NULL),
(143, 'เรเน่ เคย์', NULL),
(144, 'ปทิตตา วิเศษบุปผากุล', NULL),
(145, 'พลภัทร เกตุแก้ว', NULL),
(146, 'ศุภณัฐ สุขโข', NULL),
(147, 'โอซัง', NULL),
(148, 'Al Chiaki', NULL),
(149, 'TYPE-MOON', NULL),
(150, 'BooksMaker', NULL),
(151, 'แพทริก ซึสคินท์ (Patrick Suskind)', NULL),
(152, 'Jeffery Deaver', NULL),
(153, 'ชีฉิง', NULL),
(154, 'Spencer Johnson', NULL),
(155, 'Kaoru Tarashita', NULL),
(156, 'อุเอะนิชิ อะคิระ', NULL),
(157, 'ชนพัฒน์ เศรษฐโสรัถ', NULL),
(158, 'เที่ยวญี่ปุ่นดอทคอม', NULL),
(159, 'Supermod,กองบรรณาธิการ tibbook', NULL),
(160, 'รวิศ หาญอุตสาหะ', NULL),
(161, 'Robert T. Kiyosaki', NULL),
(162, 'Warren Boroson', NULL),
(163, 'โยริโกะ ษุษุอิ', NULL),
(164, 'Macmillan Publishers', NULL);

-- --------------------------------------------------------

--
-- Table structure for table `book`
--

CREATE TABLE `book` (
  `isbn` varchar(13) NOT NULL,
  `book_name` varchar(500) NOT NULL,
  `price` float NOT NULL,
  `catagory_id` int(11) NOT NULL,
  `pub_id` int(11) DEFAULT NULL,
  `coverpic` varchar(50) DEFAULT NULL,
  `book_date` date NOT NULL,
  `datail` varchar(1000) DEFAULT NULL,
  `author_id` int(11) NOT NULL
) ENGINE=InnoDB DEFAULT CHARSET=utf8mb4;

--
-- Dumping data for table `book`
--

INSERT INTO `book` (`isbn`, `book_name`, `price`, `catagory_id`, `pub_id`, `coverpic`, `book_date`, `datail`, `author_id`) VALUES
('1010200218548', 'ผ่าพิภพไททัน ATTACK ON TITAN เล่ม 30', 75, 1, 26, '1b_10.jpg', '2020-03-07', NULL, 48),
('8852211509302', 'ดาวจระเข้', 65, 6, 58, '6b_20.jpg', '2020-05-02', '', 105),
('8854654119098', 'Radical Blood Monster รักฉบับแวมไพร์ เล่ม 1', 58.5, 1, 18, '1b_15.jpg', '2020-04-10', 'เชิญพบกับเรื่องราวความรักของแวมไพร์ตัวร้ายที่จะทำให้คุณต้องใจสั่น', 60),
('8858757413152', 'แบบฝึกคัด-อ่าน-เรียนรู้ สระ ภาษาไทย', 84.5, 6, 100, '6b_27.jpg', '2020-04-23', 'ตัวอย่างคำที่ใช้ประกอบกับสระแต่ละตัว ภาพประกอบ 4 สีสดใสสวยงามเหมาะสำหรับเด็ก', 147),
('9722377296928', 'เจาะประเด็นเด่นเศรษฐกิจไทย', 170, 5, 51, '5b_12.jpg', '2020-04-12', 'เศรษฐศาสตร์เป็นสิ่งเกี่ยวข้องกับชีวิตประจาวันอย่างมาก โดยเป็นวิชาที่เกี่ยวข้องกับการตัดสินใจที่ดีที่สุดในแง่ของการบริโภคและการผลิต รวมถึงเกี่ยวข้องกับการออม การลงทุน รวมถึงการใช้ชีวิตทั่วๆ ไป หลักเศรษฐศาสตร์สามารถประยุกต์ใช้ทั้งในระดับบุคคล ครอบครัว ประเทศ รวมถึงโลก หนังสือเล่มนี้นำเสนอการใช้หลักเศรษฐศาสตร์ในการวิเคราะห์ข่าวหรือประเด็นทางสังคมมากขึ้น หรือเป็นประเด็นให้ผู้อ่านได้ศึกษาเพิ่มเติมและถกเถียงกันในวงสนทนาซึ่งล้วนก่อประโยชน์แก่สังคม เพราะเป็นเรื่องที่อยู่ใกล้ตัวมากกว่าที่คิด ไม่ว่าจะเป็น การจัดตั้งหน่วยงานจัดเก็บภาษีกึ่งอิสระ, เศรษฐกิจปลอดเงินสด, ผลกระทบการขึ้นภาษีมูลค่าเพิ่ม, สถานการณ์การส่งออกดำดิ่ง เป็นต้น', 90),
('9755448877956', 'Home Sweet Motorhome', 373.5, 4, 5, '4b_5.jpg', '2020-03-19', 'ทะเลสาบสีฟ้ากระจ่างตา เทือกเขาสูงสวมหมวกหิมะขาว แดดใสเพราะอากาศบริสุทธิ์ ในสถานที่เช่นนี้ วันเวลาไม่มีอยู่จริง การงานเป็นเรื่องห่างไกลไร้สาระ... อะบุ๊กกำลังชวนคุณไปเที่ยวนิวซีแลนด์', 15),
('9755886644771', 'สุโก้ย เจแปน', 315, 4, 6, '4b_2.png', '2020-04-30', 'พบกับบันทึกการเดินทางสุดประทับใจของฮิโระ ที่จะพาคุณไปบุกตะลุยญี่ปุ่นแบบ Unseen ทั้งที่กิน เที่ยว แช่ออนเซ็น สุโก้ย สุโก้ย สุดๆ ไปเลย ไม่ว่าจะเป็นกุโจฮาชิมัง...เมืองแห่งสายน้ำและปราสาท ปลาอายุย่างเกลือที่อร่อยที่สุดในญี่ปุ่น สระน้ำสีฟ้าที่เมืองบิเอ มาริโมะ ลูกบอลสาหร่าย ออนเซ็นสีดำทำให้สวย หมู่บ้านน้ำแข็งที่โทมามุ นาริตะเมืองแห่งปลาไหล เมืองแห่งอาหารจำลอง และอื่นๆ อีกมากายที่คัดสรรมาอยางดีแล้วสำหรับผู้ที่ชื่นชอบญี่ปุ่นเช่นคุณ', 12),
('9781111139301', 'ฉันชอบรถไฟ', 84, 6, 56, '6b_17.jpg', '2020-04-23', '', 106),
('9781111139601', 'ช้อนน้อย', 99, 6, 56, '6b_18.jpg', '2020-04-08', '', 107),
('9781111203023', 'ต้นฉบับขอโทษจ้า', 65, 6, 58, '6b_16.jpg', '2020-04-30', '', 105),
('9781155124956', 'ยาจกตระกูลตึ๋ง เล่ม 33 : ชุด ครอบครัวตึ๋งหนืด', 158, 6, 21, '6b_6.jpg', '2020-03-16', 'ครอบครัวตึ๋งหนืดที่สุดแสนจะประหยัดมีปัญหาใหญ่ที่แก้ไม่ตกเสียที นั่นคือ โทรุ ตัวเขมือบที่ไม่มีจิตวิญญาณความตึ๋งหนืดเลยสักนิด แม้จะเป็นฝาแฝดกับฮารุ แต่ระดับความตืดนั้นต่างกันราวฟ้ากับเหว แต่โรส ตึ๋งหนืดตัวแม่ไม่มีทางยอมแพ้ งานนี้ต้องเปลี่ยนนิสัยโทรุให้ได้ ด้วยเคล็ดลับเปลี่ยนจอมเขมือบที่เก็บเงินไม่อยู่ให้ กลายเป็นเศรษฐีหน้าความรู้', 34),
('9781732324956', 'เอาชีวิตรอดในโลก AI เล่ม 1 : ชุด เอาชีวิตรอด', 165, 6, 21, '6b_5.jpg', '2020-03-16', 'จีโอและเพื่อน ๆ มาเที่ยวสวนสนุกปัญญาประดิษฐ์กันอย่างสนุกสนาน พวกเขาออกตามหาโดรนจนเผลอเข้ามาในห้องทดสอบลับ และได้พบเจอกับ มากินะ หุ่นยนต์ AI ปริศนาที่กักขังพวกเขาไว้ วิธีที่จะออกไปจากที่นี่ได้ก็มี แค่การเอาชนะมากินะให้ได้เท่านั้น!', 35),
('9781744449956', 'YouTube ตืดสุดฮา เล่ม 35 : ชุด ครอบครัวตึ๋งหนืด', 158, 6, 21, '6b_4.jpg', '2020-03-16', 'ยูทูเบอร์คืออาชีพในฝันอันดับ 1 ของเด็กๆในปัจจุบัน ว่าแล้วครอบครัว ตึ๋งหนืดจึงอยากลองทำคลิปยูทูบดูบ้าง เพราะยูทูบคือแหล่งทำรายได้มหาศาล จนฮารุต้องตาลุกวาว แถมโทรุ จอมเขมือบจะได้ทำคลิปรีวิวการกินโชว์เสียด้วย เรามาเรียนรู้เคล็ดลับการทำคลิปเด็ด ๆ แบบตึ๋งหนืดกันดีกว่า', 34),
('9781788109956', 'DISNEY STORYTIME COLLECTION:THE JUNGLE BOOK', 203.15, 6, 20, '6b_3.jpg', '2020-04-24', 'Discover the magical world of Disney in this collectible series of timeless tales from the world\'s most popular animation studio. Abandoned as a baby and raised by wolves, Mowgli suddenly finds his life is in danger when the man-eating tiger, Shere Khan, learns where Mowgli is. Determined to get himsafely back to the Man-village, wise panther, Bagheera, leads Mowgli through thejungle where they meet Baloo. Mowgli soon starts to embrace the lovable bear\'s way of life, but will Baloo\'s carefree attitude lead Mowgli to danger?', 33),
('9785468975112', 'ดาบพิฆาตอสูร ดอกไม้แห่งความสุข', 170, 1, 23, '1b_1.jpg', '2020-03-12', 'ดอกไม้แห่งความสุข:ที่หมู่บ้านที่แวะพัก ทันจิโร่ได้เห็นเจ้าสาวที่อายุพอๆ กับเนซึโกะ เพื่อความสุขของน้องสาว เขาจึงออกเดินทางหาดอกไม้มายาที่มีเรื่องเล่าสืบทอดกันมากลางป่าเพียงลำพัง แต่ทว่า...... นอกจากนี้ยังมีเรื่องราวต่างๆ ของพวกเซนอิทซึ และอิโนะสุเกะ ที่ไม่มีอยู่ในการ์ตูน! และเรื่องราวของ \"โรงเรียนคิเมทสึ\" ที่ทุกคนชื่นชอบเองก็กลายเป็นนิยายอยู่ในเล่มนี้เช่นเดียวกัน!!', 40),
('9785577855614', 'ไซโกโตเกียว: โตเกียวเที่ยวที่หนึ่ง', 100, 4, 5, '4b_1.jpg', '2020-04-30', 'คู่มือการท่องเที่ยวโตเกียวเล่มนี้ ถูกเขียนขึ้นมาด้วยความชอบอ่านไกด์บุ๊กของ แชมป์-ทีปกร ซึ่งเขาได้จัดแผนเที่ยวตามหมวดหมู่กิจกรรม ดังนั้น ไม่ว่าผู้อ่านจะยังไม่ได้วางแผนจะไปโตเกียว แต่คุณก็สามารถนั่งนอนอ่านหนังสือเล่มนี้อยู่ที่บ้านได้ และหวังว่ามันจะกระตุ้นความอยากของหลายๆ คนให้เริ่มแพ็กกระเป๋าไปเยือนเมืองที่ชายหนุ่มในชุดสูทกับหญิงสาวในชุดกิโมโนยืนข้างกันได้อย่างไม่ขัดตาแห่งนี้บ้าง ถ้าเที่ยวแรกติดใจ ก็จัดเที่ยวที่สอง เที่ยวที่สาม ไปจนกว่าจะไม่มีใครถามว่า เบื่อญี่ปุ่นรึยังนะ', 11),
('9786119004375', 'กิน นอน ถ่าย(ภาพ) บนรถแคมเปอร์แวน ตะลุยดินแดนนิวซีแลนด์เกาะใต้', 50, 4, 9, '4b_8.jpg', '2020-04-30', 'New Zealand หนึ่งในดินแดนแห่งความฝันของใครหลายคนที่วาดฝันตั้งใจเอาไว้ว่า \"สักวัน จะต้องไปเยี่ยมให้ถึงที่ ไปเที่ยวให้ถึงถิ่น\" เพราะความโดดเด่นเป็นเอกลักษณ์ในด้านทัศนยภาพ จำนวนประชากรที่น้อยนิดเมื่อเทียบกับพื้นที่ดินแดนและปริมาณแกะ มีกิจกรรมกลางแจ้งมากมายท้าทายให้ลอง มีอาหารสดๆ จากท้องทะเลที่ชวนให้ชิม', 18),
('9786122225984', 'Marketing 4.0 : Philip Kotler', 243, 5, 6, '5b_7.jpg', '2020-03-23', 'ฟิลิป คอตเลอร์ บิดาแห่งวิชาการตลาดสมัยใหม่ ร่วมกับ เหมะวัน การตะจายา และไอวัน เซเตียวาน แห่งบริษัท MarkPlus, Inc. ชี้แนะแนวทางที่นักการตลาดสามารถนำไปใช้โน้มน้าวผู้บริโภคตลอดเส้นทางไปสู่การตัดสินใจซื้อ\r\nรวมทั้งนำเสนอกลยุทธ์ในการกระตุ้นให้ผู้บริโภคเกิดความผูกพันธและมีส่วนร่ววมการเสริมสร้างประสบการณ์ที่น่าประทับใจแก้ผู้บริโภคเป็นรายบุคคลโดยใช้ตัวชี้วัดแบบใหม่และแนวทางปฏิบัติที่ใช้ได้ผลดีมาแล้ว การเปลี่ยนวิธีคิดจากการตลาดแบบดั้งเดิมไปสู่การตลาดดิจิทัล จะไม่ใช่เรื่องยากอีกต่อไป...', 27),
('9786160034369', 'หมัดแลกรัก', 408, 2, 28, '2b_9.jpg', '2020-03-13', '‘กลอง’ หนุ่มปวช.ช่างไฟฟ้า เข้าใจผิดคิดว่า ‘วาทิน’ หนุ่มนักธุรกิจทายาทคนโตของตระกูลที่มีอิทธิพลอันดับต้นๆ ของประเทศ เป็นคนโรคจิตแอบส่องเขาเข้าห้องน้ำผับ เพียงหมัดเดียวของหนุ่มปวช.ช่างไฟฟ้าก็ทำให้นักธุรกิจตระกูลใหญ่ หลงรักเข้าเต็มเปา จนต้องปลอมตัวเป็นอาจารย์สุขศึกษาประจำห้องพยาบาลของวิทยาลัยการช่างแห่งหนึ่ง เพื่อปฏิบัติการ ล้วงรักควักหัวใจหนุ่มนักเลงช่างไฟฟ้า ความรักระหว่างลูกศิษย์จอมโจกกับอาจารย์จำเป็นจะลงเอยอย่างไรกันนะ?', 55),
('9786160038985', 'ฉลามไม่กินเนื้อ', 425, 2, 28, '2b_11.jpg', '2020-04-27', 'สวัสดีครับผม ฉลาม ไม่ชอบกินเนื้อทุกประเภท ชอบกินนมกล้วย แต่ที่โปรดปรานสุดๆ ก็ต้องไข่เจียวฝีมือ แมวน้ำ', 50),
('9786160039098', 'First Monent แรกพบในนิยาย', 306, 2, 28, '2b_5.jpg', '2020-03-13', 'ในนิยายที่ผมเขียน...\r\n\'เฟิสต์\' คือ พระเอกจากเรื่อง High School Hero\r\n\'เฟิสต์\' ถูกสร้างขึ้นจากจินตนาการของผม\r\n\r\nในโลกจริงที่ผมอยู่...\r\n\'เฟิสต์\' มีตัวตนอยู่จริงๆ ในมหา\'ลัย QU\r\n\'เฟิสต์\' คือ หนุ่มหล่อสุดฮอตในกลุ่มไตรเทพ\r\n\r\nทว่า...\r\n\'เฟิสต์\' กลับมีอิมเมจเหมือนพระเอกของผมทุกอย่าง\r\nราวกับหลุดออกมาจากนิยายจริงๆ\r\n\r\nแต่...\r\n\'เฟิสต์\' กับ ผม เราต่างไม่เคยรู้จักกันมาก่อน\r\n\r\nบางที...\r\nมันอาจเป็นแรกพบในนิยาย', 52),
('9786160039357', 'ไดโนซอร์รัก', 493, 2, 28, '2b_3.jpg', '2020-03-13', 'ผม \'ไดโน\' พี่ว้ากวิศวะปีสาม เป็นคนตรงๆ แบบนี้ละครับ\r\nชอบก็บอกว่าชอบ จีบก็บอกว่าจีบ\r\nและไอต้าวความรักของผมก็ดันมาเกิดกับเจ้ากระต่ายตัวขาวอย่าง \'รัก\'\r\nเฟรชชี่วิศวะต่างมหา\'ลัยที่เจ้าของไม่สนใจ\r\nช้ำรักหนักจนต้องซิ่วหนีมาเรียนที่เดียวกัน\r\nพอดีว่าผมมันประเภทไม่ชอบแย่งของของใคร\r\nโอกาสที่จะได้ใกล้ชิดกับคนน่ารักมาเสิร์ฟถึงที่...\r\nสัตว์ล้านปีจะขยี้กระต่ายน้อยก็คราวนี้แหละ', 50),
('9786160039845', 'นิยายชุด รอยแค้นแทนด้วยรัก : แค้นสุดจิต รักสุดใจ', 306, 2, 28, '2b_7.jpg', '2020-03-24', 'ใครๆ ก็บอกว่า ‘ลวิตรา’ เป็นพวกโรคจิต ถ้ำมอง\r\nเพราะหล่อนเอาแต่เดินตามชายในฝันอย่าง ‘ภูรินทร์’\r\nเขาคือรุ่นพี่หนุ่มสุดฮอตของโรงเรียน และเป็นเจ้าของหัวใจเด็กหญิงตั้งแต่ ป.๔\r\nจากคำว่า ‘แอบรัก’ ‘แอบชอบ’ ‘แอบเดินตาม’\r\nวันหนึ่งไพ่ยิปซีกลับทำนายว่าหล่อนต้องแต่งงาน ไม่เช่นนั้นจะมีอันเป็นไป\r\nลวิตราตัดสินใจครั้งยิ่งใหญ่ เธอจัดฉากวันไนต์สแตนด์ขึ้นเพื่อบีบบังคับให้เขาแต่งงานด้วย', 54),
('9786160423217', 'เอาชีวิตรอดในมหาสมุทร (ฉบับปรับปรุง)', 132, 1, 21, '1b_12.jpg', '2020-04-24', '', 58),
('9786160424641', 'เอาชีวิตรอดในถ้ำลึก (ฉบับปรับปรุง)', 148, 1, 21, '1b_13.jpg', '2020-04-27', 'โมโม่ จินมู เอริ และเอมี ตัดสินใจไปสำรวจถ้ำที่ยังไม่เปิดเป็นที่ท่องเที่ยงระหว่างที่เพลิดเพลินกับธรรมชาติภายในถ้ำ เหตุการณ์ไม่คาดฝันก็เกืดขึ้น แผ่นดินถล่มจนพวกเขาตกลงไปในถ้ำที่ลึก พวกเขาต้องเผชิญกับความมืดมิดธรรมชาติที่แปลกประหลาด อากาศในถ้ำที่มีไม่เพียงพอ อาหารที่ใกล้จะหมดโมโม่จะหาทางเอาชีวิตรอดเพื่อออกจากถ้ำหรือไม่', 58),
('9786160425471', 'คุกกี้รัน เล่ม 1 ผจญภัยในลอนดอน', 118.4, 1, 21, '1b_14.jpg', '2020-04-27', 'บุกอาณาจักรคุกกี้กับคุกกี้ผู้กล้าหาญ', 59),
('9786160427178', 'ชุดเรื่องผีๆ รอบโลก : ผีเอเชีย', 140, 1, 21, '1b_11.jpg', '2020-04-23', 'พบกับเรื่องเล่าสุดหลอนจากทวีปเอเชีย รวมถึงภูต ผี ปีศาจ และสิ่งลึกลับที่เล่าขานกันมาแต่โบราณ เช่น เรื่องสั้นขวัญผวา หากได้ยินเสียงเรียกตอนกลางคืนห้ามทัก และอย่ากินไข่ไก่ในวันสอบเพราะจะสอบตก และอีกมากมายที่จะทำให้คุณตื่นเต้น ขวัญผวาจนขนหัวลุก...', 57),
('9786160444991', 'Out of the Maze', 156, 3, 21, '3b_28.jpg', '2020-02-05', 'เทคนิคอันน่าทึ่งที่ช่วยให้รอดพ้นจากทุกอุปสรรค กล้าก้าวออกจากกรอบความเชื่อเก่าๆ ยอมรับอะไรใหม่ๆ และพร้อมรับมือกับการเปลี่ยนแปลง', 154),
('9786160447848', 'ล่าขุมทรัพย์สุดขอบฟ้าในแวนคูเวอร์', 132, 1, 21, '1b_20.jpg', '2020-04-30', 'อัดแน่นด้วยความรู้ประวัติศาสตร์ วัฒนธรรม และแหล่งท่องเที่ยวที่น่าสนใจ สัมผัสวัฒนธรรมของชาวพื้นเมือง', 62),
('9786160619863', 'ยอดหญิงหมอเทวดา เล่ม 1', 284, 2, 61, '2b_21.jpg', '2020-03-23', 'เพราะไม่อาจรักษาโรคของตนเองได้ ซ้ำยังถูกสามีทอดทิ้งให้ต้องใช้ชีวิตอยู่อย่างยากลำบากเดียวดาย แต่ถึงกระนั้นสวรรค์ก็ยังซ้ำเดิมนาง ให้มีลูกฝาแฝดติดท้องมาด้วยอีก', 109),
('9786160625307', 'หอมกลิ่นความรัก', 339.15, 2, 44, '2b_12.jpg', '2020-04-30', 'เรื่องราวสุดเหลือเชื่อซ่อนเร้นอยู่ในทุกอณู และความเหลือเชื่อนั้นก็คือประตูนำเขาไปสู่โลกใบใหม่ โลกที่จะช่วยดึงเขาขึ้นมาจากความมืดมิดเย็นเยือก', 80),
('9786160831098', 'พ่อรวยสอนลูก (ฉบับ ปรับปรุงใหม่)', 237.5, 5, 51, '5b_29.jpg', '2020-02-08', 'พ่อรวยสอนเรื่องเงิน ในแบบที่พ่อจนไม่เคยสอน', 161),
('9786160835812', 'SMART BUSINESS: เจาะกลยุทธ์อาลีบาบาพลิกโฉมโลก', 297.5, 5, 51, '5b_17.jpg', '2020-04-22', 'แกะรอย Alibaba สุดยอดบริษัท IT อัจฉริยะแดนมังกรกับกลยุทธ์ความสำเร็จที่โลกต้องเดิมตาม', 95),
('9786160836321', 'TRAPPED ติดกับ(รัก)มาเฟีย', 308.75, 2, 66, '2b_22.jpg', '2020-02-23', 'ไม่ว่าอย่างไรเขาต้องลากคอฆาตกรรมที่ฆ่ารุ่นพี่ที่เขาเคารพเข้าคุกให้ได้!!', 114),
('9786161403089', 'ฆาตกรรมหิมะ พระจันทร์ ดอกไม้', 246.5, 2, 29, '2b_10.jpg', '2020-03-20', NULL, 51),
('9786161403157', 'เจตนาร้าย', 221, 2, 29, '2b_8.jpg', '2020-03-28', 'เจตนาร้าย เจตนาใคร... คำคนแม้ตั้งใจแยกแยะ แต่หลายครั้งก็หลงเชื่อ เอาง่ายๆ คำให้การของแต่ละคนก็พูดกันไปคนละอย่าง นักสืบคางะจะแยกแยะ ความจริงกับความเท็จได้หรือไม่ โปรดใช้วิจารณญาณในการอ่าน อ่านไม่จบอย่างพึ่งคิดวิจารณ์การกระทำของตัวละคร ไม่งั้นจะสะอึกได้ในภายหลัง', 51),
('9786161808075', 'Seoul City Guide', 335.75, 4, 33, '4b_11.jpg', '2020-04-28', 'ไกด์บุ๊คพาเที่ยวกรุงโซล เมืองหลวงของประเทศเกาหลีใต้\r\nโดยแบ่งตามสถานีรถไฟฟ้า ทั้งหมด 13 สถานี ซึ่งสถานที่แต่ละแห่งจะเน้นไปทางไลฟ์สไตล์และคาเฟ่ บวกร้าน selected shop ดีๆ จากฝีมือดีไซเนอร์ชาวเกาหลีอีกมากมาย ปิดท้ายด้วยอีเวนต์เจ๋งๆ ที่แนะนำว่าไม่ควรพลาด และภาพภ่ายที่เป็นเอกลักษณ์เฉพาะตัว', 63),
('9786161813864', 'น้องหนูอยู่โรงพยาบาล', 202.5, 6, 62, '6b_29.jpg', '2020-04-20', 'ท่ามกลางวิกฤติของเด็กหญิงเล็กๆ คนหนึ่ง ทำให้เธอเติบโตจากเด็กเล็กเป็นเด็กโตในเวลาเพียงชั่วข้ามคืน อาซาเอะเป็นตัวอย่างที่บอกแก่ผู้ใหญ่ว่าเด็กๆ นั้นเติบโตและพัฒนาตัวเองได้ ขอเพียงแต่เวลาและโอกาสเท่านั้น', 163),
('9786161820491', 'พระเจ้า ๕๐๐ ชาติ การ์ตูนนิทานธรรมะจากพระโอษฐ์', 170, 1, 83, '1b_25.jpg', '2020-04-08', 'พระเจ้า ๕๐๐ ชาติ เป็นเรื่องในอดีตชาติของพระพุทธเจ้า เมื่อครั้งเสวยพระชาติเป็นพระโพธิสัตว์ต่างๆ เช่น พรหม เทวดา มนุษย์ ราชสีห์ พญาช้าง พญาลิง นกกระจาบ ฯลฯ เพื่อบำเพ็ญบารมีเตรียมพร้อมที่จะตรัสรู้ในชาติของเจ้าชายสิทธิธัตถะ', 130),
('9786161822019', 'พูดเรื่องบวกเรียกโชคดี พูดเรื่องดีเรียกความสุข', 175.5, 3, 79, '3b_30.jpg', '2020-02-15', 'เลือกคำที่ดี พูดแต่เรื่องที่เป็นบวก แล้วจะรู้ว่าคำพูดที่คุณใช้ทุกวันมีพลังเปลี่ยนแปลงชีวิตให้ดีขึ้นได้', 156),
('9786161829063', 'Japan\'s Small Towns เที่ยวญี่ปุ่นเมืองเล็ก รอบเมืองใหญ่', 365.75, 4, 33, '4b_29.jpg', '2020-02-21', '\'Japan\'s Small Towns เที่ยวญี่ปุ่นเมืองเล็ก รอบเมืองใหญ่\' เล่มนี้ จะช่วยเปิดประสบการณ์เที่ยวญี่ปุ่นในเมืองที่ไม่ซ้ำกับใคร ๆ ซึ่งแต่ละสถานที่จะระบุข้อมูล เรื่องน่ารู้เกี่ยวกับที่นั้น ๆ การวางแผนเที่ยว รวมไปถึงการเดินทางอย่างละเอียด และที่สำคัญ สามารถเดินทางได้อย่างสะดวกจากเมืองท่องเที่ยวหลัก ๆ ที่คนไทยนิยมไป เขียนโดยเจ้าของเว็บไซต์ท่องเที่ยวญี่ปุ่นชื่อดัง \'เที่ยวญี่ปุ่นดอทคอม\' เหมาะสำหรับนักเดินทางขี้เบื่อที่ต้องการท่องเที่ยวในเส้นทางใหม่ ๆ แต่ได้บรรยากาศที่แสนน่ารักและอบอุ่นจากประเทศญี่ปุ่นที่คุณคุ้นเคย', 158),
('9786161829261', 'ศาสตร์แห่งการเปลี่ยนทิศ เมื่อชีวิตหมดไฟ', 310.5, 3, 79, '3b_24.jpg', '2020-04-10', 'หมดไฟ ไปต่อไม่ได้ ไม่ใช่เรื่องใหญ่ แค่ก้าวเดียวที่ต้องสนใจ คือก้าวถัดไปของคุณ', 126),
('9786161834135', 'วิธีแก้ปัญหาที่รวดเร็วที่สุดในโลก High-speed Problem Solving', 202.5, 3, 79, '3b_29.jpg', '2020-02-05', 'เทคนิคแก้ปัญหาด้วย ความเร็วสุดขีด โดยไม่ผิดพลาดต่อให้สาหัสขนาดไหนก็คลี่คลายได้ใน 4 ขั้นตอน!', 155),
('9786162009785', 'Idol Secret Shin&Minna Special หรรษาวันพิเศษ!', 175.75, 1, 95, '1b_27.jpg', '2020-04-20', 'เรื่องราวความรักความผูกพันของกลุ่มเพื่อนสนิท ที่จะพาทุกคนไปรู้จักกับ วันสำคัญและเทศกาลพิเศษทั่วโลก', 142),
('9786162046797', 'DPlus Guide : เที่ยวเยอรมนี Germany เมืองเบียร์ดี ปราสาทดัง', 294, 4, 12, '4b_10.png', '2020-05-01', 'เที่ยว 15 เมืองทั่วเยอรมนี ย้อนรอยความยิ่งใหญ่อลังการของมหาวิหาร ปราสาทและพระราชวัง สัมผัสความสวยงามของธรรมชาติบนเทือกเขาแอลป์และเมืองลุ่มแม่นํ้าไรน์ ไปชิมเบียร์เจ้าดัง ไส้กรอกอร่อย ขาหมูแบบต้นตําหรับ\r\nเดินช้อปเดินชิลล์ย่านถนนช้อปปิ้งและตลาดคริสต์มาส\r\nอีกสารพัดเรื่องราวดีๆ ที่เยอรมนีมี และรอให้คุณไปชม', 20),
('9786162047398', 'เที่ยวสแกนดิเนเวีย & บอสติก', 318.75, 4, 12, '4b_19.jpg', '2020-04-10', 'เที่ยว 16 เมืองสวยใน 7 ประเทศเหนือสุดของยุโรป เดนมาร์ก นอร์เวย์ สวีเดน ฟินแลนด์ เอสโตเนีย ลัตเวีย ลิทัวเนีย', 68),
('9786162047497', 'เที่ยวไอซ์แลนด์ ICELAND', 364.65, 4, 12, '4b_17.jpg', '2020-04-09', 'รู้จักกับประเทศ ICELAND เตรียมตัวเที่ยว ICELAND ตามล่าหาแสงเหนือและอาทิตย์เที่ยงคืน', 66),
('9786162047633', 'เที่ยวโครเอเชีย & สโลวีเนีย CROATIA & SLOVENIA', 339.15, 4, 12, '4b_18.jpg', '2020-04-10', 'เขียนขึ้นจากประสบการณ์จริงของคนที่เพิ่งเคยเดินทางไปเยือนประเทศนี้เป็นครั้งแรกด้วยตัวเอง', 67),
('9786162105289', 'การพัฒนาภาวะผู้นำ', 159.2, 5, 9, '5b_5.jpg', '2020-04-20', 'จากทฤษฎีสู่แนวปฏิบัติที่ดีและกรณีศึกษา พัฒนาผู้นำอย่างตอบโจทย์ ตรงใจตามทันโลกตั้งแต่วันนี้ เพื่อบ่มเพาะผู้นำแบบที่ใช่ให้พร้อมใช้ในวันข้างหน้า', 25),
('9786162105838', 'The Next Gen Corporation Design', 228, 5, 9, '5b_8.jpg', '2020-04-13', 'Platform กำลังกลายเป็นองค์ประกอบที่ 4 ขององค์กรมีดีไซน์ในโลกยุคดิจิทัล  และทำให้สูตรสำเร็จขององค์กรมีดีไซน์ในทศวรรษใหม่นี้ขยับจา กATP(Aesthetic – Technology –Process) ไปสู่ ATP2 (Aesthetic – Technology-Process-Platform) อย่างหลีกเลี่ยงไม่ได้', 28),
('9786162222826', 'ลูกหมูสามตัว', 92, 6, 56, '6b_14.jpg', '2020-04-30', 'เมื่อลูกหมูสามตัวพี่น้องเติบโตขึ้นจึงตัดสินใจออกมาสร้างบ้านของตัวเอง หมูใหญ่สร้างบ้านจากฟาง หมูกลางสร้างบ้านจากไม้ หมูเล็กสร้างบ้านจากอิฐ หมาป่าตัวร้ายผ่านมาเห็นจึงคิดที่จะเขมือบลูกหมูทั้งสาม ลูกหมูทั้งสามจะรอดพ้นจากหมาป่าไหมนะ', 102),
('9786162323236', 'Lego City - Mini Figure Activity Book', 325, 6, 18, '6b_1.jpg', '2020-04-22', 'Every day, a group of heroes keep the citizens of LEGO City alive and well. Ride along in the ambulances, helicopters and police cars of these brave men and women. Read funny stories and comic capers, then complete fun activities and puzzles. Don\'\'t forget to build your doctor mini figure. From the slopes to the streets, help is on its way!', 31),
('9786162570285', 'โปเม่ แก๊งกุ๊กรั่วครัวจอมเวท บทที่ 4 ครบเครื่องเรื่องซุปๆ', 169, 6, 19, '6b_9.jpg', '2020-04-27', 'จู่ๆ น้องแก้มก็ล้มป่วย!! แถมไม่ได้ป่วยธรรมดาๆ เท่านั้น เพราะว่าโรคที่น้องแก้มเป็นก็คือ \'ไข้หวัดประจำตระกูล\' ซึ่งวิธีเดียวที่จะรักษาได้ก็คือ ต้องทาน \'ซุปประจำตระกูล\' เท่านั้น แต่ปัญหาก็คือ ไม่มีใครรู้ว่าเจ้าซุปที่ว่าเนี่ย มันหน้าตาเป็นยังไงนี่สิ!! แล้วแบบนี้เหล่าสามสาวกุ๊กเวทมนตร์จะหาทางช่วยน้องแก้มได้สำเร็จรึเปล่านะ ร่วมลุ้นไปกับพวกเขา และทำความรู้จักกับการทำซุปให้อร่อยด้วยน้ำสต๊อก การทำซุปให้ใสแต่ยังคงเข้มข้น การแปรรูปซุปเป็นซุปกระป๋อง และซุปแบบแห้ง และอื่นๆ อีกมากมาย แล้วน้องๆ จะทึ่งว่า \'ซุป\' เป็นอาหารที่มหัศจรรย์จริงๆ', 38),
('9786162573156', 'ลิตเติ้ลเลดี้ เล่ม 9 ศิลปะเฮนน่ากับเศษกระจกชิ้นสุดท้าย', 169, 6, 19, '6b_2.jpg', '2020-03-19', 'พวกทิวาเข้าไปในกระจกอีกบานหนึ่งเพื่อตามหาเศษกระจกชิ้นสุดท้าย คราวนี้โผล่เข้ามาในประเทศอินเดียยุคอาณานิคม แถมยังเจอครูเอ็มม่าสมัยเด็กกับพี่เลี้ยงที่กำลังจะเป็นเจ้าสาวอีกด้วย เพื่อเศษกระจกชิ้นสุดท้าย ทิวาต้องผ่านการทดสอบสุดหินของวิญญาณกระจก ภารกิจแก้คำสาปใกล้ถึงบทสุดท้ายแล้ว มาลุ้นให้พวกทิวาผ่านไปได้ด้วยกันเถอะ', 32),
('9786162851506', 'ที่มาน่าทึ่ง นานาอาหารทั่วโลก', 185.25, 1, 71, '1b_23.jpg', '2020-04-30', NULL, 119),
('9786162870699', 'ชั่วพริบตาย', 280.25, 2, 104, '2b_29.jpg', '2020-04-25', 'ซีรีส์สืบสวนสอบสวนที่ทำยอดขายรวมกันกว่า 30 ล้านเล่ม ขายลิขสิทธิ์ไปเเล้วกว่า 40 ประเทศทั่วโลก', 152),
('9786162871825', 'สร้างธุรกิจให้ได้ดี ไม่ต้องมีออฟฟิศ', 165.75, 5, 42, '5b_19.jpg', '2020-04-21', 'คู่มือที่แตกต่างแต่ได้ผลจริง สำหรับคนทำธุรกิจที่อยากจ่ายน้อยลง แต่ได้ผลลัพธ์มากขึ้น', 97),
('9786162872082', 'THE DISRUPTOR', 237.5, 5, 42, '5b_28.jpg', '2020-02-08', 'อะไรคือจุดเปลี่ยนที่ทำให้คนธรรมดากลายเป็น The Disruptor?แล้วคุณจะสามารถ disrupt งานและธุรกิจของคุณได้อย่างไ? ค้นหาคำตอบได้ในหนังสือเล่มนี้', 160),
('9786162872501', 'ทำแล้วดีแต่เลิกแล้วดีกว่า', 128.25, 3, 59, '3b_21.jpg', '2020-02-13', 'ประเด็นสำคัญหรือแก่นของหนังสือเล่มนี้ก็คือ \"การลองเลิก\" โดยฉันจะมาชวนให้ทุกคนลองตัดใจเลิกใช้ \"ของที่ใช้ไปอย่างนั้นโดยไม่รู้ว่าจำเป็นจริงๆ หรือเปล่า\" และเลิก \"นิสัยคิดฟุ้งซ่าน\" ทั้งนี้สิ่งที่ฉันเลิกทำหรือเลิกใช้นั้นเป็นสิ่งที่ไม่จำเป็นต่อชีวิตของฉัน แต่มันอาจจะเป็นสิ่งที่ขาดไม่ได้ในชีวิตของทุกคนก็ได้\r\n\r\nฉันคงรู้สึกดีใจหากคุณอ่านหนังสือ \"ทำแล้วดีแต่เลิกแล้วดีกว่า\" เล่มนี้แล้วเพลิดเพลินกันการที่ได้รู้ว่า \"มีวิธีการใช้ชีวิตแบบนี้ด้วยเหรอ\" และคงปลาบปลื้มยิ่งขึ้นหากมันจุดประกายให้คุณได้ลองค้นหาสิ่งที่จำเป็นสำหรับตัวเองอย่างแท้จริง', 79),
('9786162872587', 'โกรธขนาดนั้นลองพูดแบบฉันสิ!', 187, 3, 42, '3b_18.jpg', '2020-04-15', 'การที่เราโกรธไม่ใช่เรื่องผิด ในทางกลับกัน การข่มความรู้สึกเอาไว้หรือพยายามไม่โกรธเป็นการกระทำที่ฝืนธรรมชาติ ดังนั้น เมื่อมีเรื่องที่ทำให้โกรธ เราก็สามารถแสดงความรู้สึกโกรธออกไปได้ สิ่งสำคัญคือ เราจะแสดงความรู้สึกโกรธออกไปอย่างไรโดยที่ไม่ทำลายความสัมพันธ์ ด้วยเหตุนี้ เราจึงจำเป็นต้องปรับเปลี่ยนวิธีแสดงความรู้สึกโกรธของตัวเองด้วย ฉันจึงอยากแนะนำหนังสือ โกรธขนาดนั้นลองพูดแบบฉันสิ เล่มนี้ ให้กับคนที่กำลังมีปัญหา การบอกความรู้สึกได้อย่างเหมาะสมถือเป็นทักษะที่สำคัญมากในการติดต่อสื่อสารกับผู้คนที่มีมุมมองแตกต่างกัน เมื่อคุณได้เรียนรู้วิธีพูดแบบไม่โกรธ คุณก็ไม่จำเป็นต้องฝืนความรู้สึกโกรธของตัวเองเอาไว้ และยังสามารถสร้างความสัมพันธ์ที่ดีกับคนรอบข้างได้', 76),
('9786162873362', 'กลยุทธ์ฟักทองยักษ์ THE PUMPKIN PLAN', 240, 5, 42, '5b_20.jpg', '2020-04-21', 'ธุรกิจที่กำลังแห้งเฉา พลิกกลับมาเติบโตได้อย่างน่าทึ่ง ด้วยเคล็ดลับที่ง่ายจนคาดไม่ถึง จากไร่ฟักทองยักษ์', 98),
('9786162873423', 'อ่านธุรกิจใน 69 แผนภาพ', 165.75, 5, 42, '5b_18.jpg', '2020-04-20', 'รู้จุดอ่อนและจุดแข็ง เห็นปัญญาที่ซุกซ่อนอยู่และค้นพบโอกาสทางธุรกิจได้อย่างรวดเร็ว', 96),
('9786162873645', 'DRIVE เมื่อสิ่งที่จูงใจคนได้...ไม่ใช่อย่างที่คุณคิด', 212.5, 3, 42, '3b_20.jpg', '2020-04-20', 'ไขปริศนาแง่มุมที่ซ่อนเร้นของ แรงจูงใจ ผ่านงานวิจัยทางวิทยาศาสตร์', 78),
('9786162984051', 'เหตุเกิดจากความเหงา', 195, 3, 3, '3b_3.jpg', '2020-03-13', 'เข้าใจมวลมนุษยชาติ ด้วยวิทยาศาสตร์แห่งความเหงา ผู้เขียน Theory of Love ที่เคยนำ Pop Science มาอธิบายความรักของมนุษย์กลับมาพร้อมปัญหาคลาสสิกที่ใครๆก็ต้องเคยเจอ อย่าง “ความเหงา”\r\nความเหงาอยู่ส่วนไหนของสมอง เราควรรู้จักคนเท่าไหร่ ถึงจะไม่เหงา\r\nความเหงาติดต่อได้จากเพื่อนของเพื่อนของเพื่อน?!\r\nเนื้อคู่ของเราเกิดหรือยัง?\r\nควรสละโสดเมื่อไหร่ ให้คณิตศาสตร์ช่วยคำนวณ ฯลฯ\r\nสารพัดความจริงจากความเหงา อ่านจบแล้วคุณอาจพบว่าความรู้สึกนี้ไม่ใช่ปัญหา\r\nแต่เป็นธรรมชาติที่รอให้เราเข้าใจ และอยู่ร่วมกับมันอย่างมีความสุข', 3),
('9786162984600', 'Park and Write จดแล้วจร', 370.5, 4, 3, '4b_28.jpg', '2020-02-20', 'บันทึกการเดินทางใน 3 อดีตอาณาจักรของยุโรป', 157),
('9786162984891', 'Africa is not Africa', 270.75, 4, 69, '4b_22.jpg', '2020-03-15', 'ผลงานหนังสือเล่มแรกในชีวิตของ \'พริม โกมลกิติ\' หญิงสาวอายุยี่สิบปลาย ๆ ที่เดินทางมาแล้วกว่าสี่สิบประเทศ เรื่องราวของผู้หญิงที่ออกว่าขี้กลัวกับหนึ่งเดือนแห่งการเดินทางคนเดียว 5 ประเทศใน \'ทวีปแอฟริกา\' กางเต็นท์นอนกลางดิน กินอาหารกลางพายุในทะเลทราย วิ่งตามยีราฟ วิ่งหนีช้าง ไปจนถึงการขับถ่ายสิงสาราสัตว์ในป่าใหญ่ และประสบการณ์ใหม่ ๆ ในแอฟริกา ลืมภาพเก่า ๆ เกี่ยวกับแอฟริกาไป แล้วมาสนุก ตื่นเต้นกับความแปลกใหม่ในอีกซีกโลกไปด้วยกัน เพราะแอฟริกาฉบับนี้อาจไม่เหมือนในสารคดีที่คุณเคยเห็น', 117),
('9786163123886', 'สะดุดรักยายถังข้าว (นิยายชุด 2 เล่มจบ)', 448, 2, 30, '2b_6.jpg', '2020-03-12', 'เฉียวเฟิงผู้อยู่เป็นโสดมาจนถึงปัจจุบันมีปัญหาที่แก้ไม่ตกสามอย่าง หนึ่ง หล่อเกินไป สอง รวยเกินไป และสาม ไอคิวสูงเกินไป ตอนนี้รองศาสตราจารย์เฉียวที่เหล่าหัวกะทิต้องคุกเข่าบูชานึกอยากมีความรักขึ้นมา กับใครน่ะเหรอ ก็กับยายถังข้าวที่ชอบมาขอข้าวบ้านเขากินคนนั้น ถามหน่อยซิว่ากลัวไหม\r\n\r\nว่ากันว่ารองศาสตราจารย์มีแบบทดสอบไอคิวสุดโรคจิตอยู่ชุดหนึ่ง สาวคนไหนอยากเป็นแฟนเขาต้องทำแบบทดสอบให้ได้ 60 คะแนนขึ้นไป ทว่าหลันซานทำเสร็จภายในสิบนาที ตอบไม่ถูกเลยสักข้อและได้ศูนย์คะแนน แต่กลับได้เป็นแฟนเฉียวเฟิง...นี่เธอกล้าดียังไงหา!?', 53),
('9786163247766', 'ตราบสิ้นอรุณโศก เล่ม 6', 76, 1, 65, '1b_22.jpg', '2020-02-18', 'หลังจากอากิฮิโตะเอ่ยกับเขาว่า ไม่สมกับเป็นนายเลย คัตสิรางิแอบหวั่นไหวเพราะกลับอากิฮิโตะจะปล่อยมือตนไป ..แต่แล้ววันหนึ่งคัตสิรางิก็ได้รู้เรื่องที่อากิฮิโตะจะไปศึกษาต่อต่างประเทศเข้า!?', 113),
('9786163372802', 'ขอให้โชคดีมีชัย ในโลกแฟนตาซี! เล่ม 4', 145, 1, 24, '1b_7.jpg', '2020-01-28', '“ชาฝรั่งอย่างดีได้แล้วค่ะคุณคาซึมะ” อควอส่งยิ้มให้ผม ตอนนี้ชีวิตดี๊ดีเหลือเกิน อา มีเงินแล้วอะไรก็ดีไปหมด\r\nหลังยืนยันความบริสุทธิ์โทษฐานบ่อนทำลายชาติและได้รับเงินรางวัลก้อนโต\r\nคาซึมะก็กลายเป็นคนไม่ได้ความเอาแต่หมกตัวนอนอืดอยู่ในบ้าน\r\n“นี่ ฉันอยากออกไปผจญภัยค่ะ...”\r\nเมกุมินกับดัคเนสวางแผนจะพาคาซึมะกับอควอไปเที่ยวบ่อน้ำพุร้อนเพื่อให้ทั้งคู่เลิกทำตัวเอื่อยเฉื่อยและเมื่อมาถึงอาร์คันเรเทีย\r\nเมืองแห่งสายน้ำและบ่อน้ำพุร้อน\r\nก็พบว่าที่นั่นเป็นศูนย์กลางของนิกายแอคซิสที่มีอควอเป็นเทพธิดาประจำนิกายด้วย!?', 46),
('9786163375551', 'ASSASSIN\'S PRIDE (แอสแซสซินส์ ไพรด์) เล่ม 3', 185, 1, 24, '1b_9.jpg', '2018-12-04', '“การทำให้จากไปโดยไม่รู้ถึงความสิ้นหวังคือความเมตตาของมือสังหาร”\r\n\r\nในโลกแห่งนี้ ผู้สืบสายเลือดขุนนางจะมีพลังที่มีชื่อว่ามานา และมีหน้าที่ต้องปกป้องมนุษยชาติ\r\nเมริดา อันเจลเด็กสาวประหลาดผู้ไม่มีมานาทั้งที่เกิดในตระกูลขุนนาง\r\nและเข้าศึกษาในโรงเรียนอบรมผู้มีพลังพิเศษ\r\nทำให้ คูฟา แวมพีร์ ถูกส่งมาเป็นอาจารย์สอนพิเศษเพื่อค้นหาพรสวรรค์ของเธอ\r\nพร้อมกับภารกิจลับ ‘หากเธอไม่มีพรสวรรค์ก็จงสังหารเสีย’\r\n―คูฟาตัดสินใจอย่างโหดร้ายต่อเมริดาผู้พยายามเรื่อยมาแต่ปราศจากผลลัพธ์\r\nในสังคมที่ถือเอาพลังพิเศษเป็นทุกอย่าง\r\n\r\nทว่า... “ลองฝากชีวิตไว้กับผมไหมครับ?” เขากลับกล่าวออกไปเช่นนั้น\r\nไม่ใช่ในฐานะมือสังหารหรืออาจารย์ แต่จะเดิมพันด้วยศักดิ์ศรีของอาจารย์มือสังหาร\r\nเพื่อแสดงคุณค่าของเด็กสาวให้โลกประจักษ์!', 41),
('9786163375865', 'ASSASSIN\'S PRIDE (แอสแซสซินส์ ไพรด์) เล่ม 4', 175, 1, 24, '1b_2.jpg', '2020-03-19', '“ช่วยตายแทนฉันทีได้ไหม” \r\nจุดเริ่มต้นมาจากการตกลงกับดยุคเซลจ์ ชิคซาล \r\nคูฟาซึ่งโดนข่มขู่ด้วยความลับของเด็กสาวไร้พรสวรรค์ ขอให้ออกเดินทางในฐานะขุนพลเงาของเขา\r\nแต่ทว่า.... ผู้ร่วมเดินทางไปด้วยคือซาลาชา น้องสาวของดยุคกับมิวล์เพื่อนสนิทของเธอ\r\nและเมริดากับเอลิเซ่ซึ่งปลอมเป็นเมด', 41),
('9786163376145', 'การเดินทางของคิโนะ เล่ม 13', 230, 1, 24, '1b_3.jpg', '2020-03-10', '\'อะไรน่ะ?\'\r\nคิโนะจัง \'ฟลุต\' ขึ้นมามองด้วยกล้องเล็ง มองจากเนินที่อยู่ตอนนี้ลงไปยังเส้นของฟ้า\r\nไม่นานนัก ในที่สุดก็รู้ว่าสิ่งนั้นคืออะไร\r\nสิ่งที่ปรากฏขึ้นจากฝุ่นดินจำนวนมหาศาลคือฝูงสัตว์ขนาดใหญ่จนแทบถมกลบผืนทวีป\r\nมันเป็นสัตว์กินพืชสีเทาหม่น มีร่างกายอ้วนใหญ่และสีขาท่าทางแข็งแรง', 42),
('9786163376176', 'Goblin Slayer! เล่ม 5', 205, 1, 24, '1b_8.jpg', '2020-03-10', 'ปาร์ตี้ที่เต็มไปด้วยบาดแผลของพวกพ้องและจบการสำรวจถ้ำก็พบกับสิ่งหนึ่ง\r\n\'เทพเจ้าแห่งปัญญา เทพเจ้าการรับรู้ เทพจากด้านนอก...\'\r\nพวกก็อบลินสเลเยอร์เข้าท้าทายปราการโบราณซึ่งเป็นรังของก็อบลินซึ่งถูกใครบางคนสั่งการ!', 47),
('9786163376190', 'Fate/Apocrypha “มหาสงครามจอกศักดิ์สิทธิ์นอกสารบบ” เล่ม 1', 230, 1, 24, '1b_4.jpg', '2020-03-10', 'แต่เดิมแล้ว สงครามจอกศักดิ์สิทธิ์ถูกจัดขึ้นด้วยจอมเวท\r\nและเหล่าวิญญาณวีรชนทั้งเจ็ดคู่ในเมืองที่ชื่อว่าฟุยุกิ\r\nแต่ก็ถูกจอมเวทคนหนึ่งฉวยโอกาศจากความวุ่นวายในสงครามโลกครั้งที่สอง\r\nแย่งชิงจอกศักดิ์สิทธิ์ไป ผ่านเวลามาหลายสิบปี\r\nตระกูลดยุคด์มิลเลนเนียซึ่งเชิดชูจอกศักดิ์สิทธิ์นั่นเป็นสัญลักษณ์\r\nได้ประกาศแยกตัวจากองค์กรเวทมนตร์และตั้งตนเป็นองค์กรอิสระ\r\nสมาคมเวทมนตร์ที๋โกรธเกรี้ยวได้ส่งมือสังหารเข้าไปปราบปราม\r\nแต่ก็ถูกเซอร์วอนท์ที่พวกเขาอัญเชิญมาสังหารหมดสิ้น\r\nจะต่อกรกับเซอร์วอนท์ย่อมต้องใช้เซอร์วอนท์\r\nระบบสงครามจอกศักดิ์สิทธิ์ถูกเปลี่ยน กลายเป็นสงครามเจ็ดวีรชนปะทะเจ็ดวีรชน\r\nซึ่งเป็นระบบสงครามจอกที่ไม่เคยมีมาก่อน\r\n\r\n--มหาสงครามจอกศักดิ์สิทธิ์นอกสารบบจึงถือกำเนิดขึ้น--', 43),
('9786163376589', 'ตำรับปริศนา หมอยาแห่งวังหลัง เล่ม 1 (คอมมิค)', 110, 1, 24, '1b_6.jpg', '2020-03-09', 'เมาเมาเป็นนางกำนัลซึ่งทำงานอยู่ในวังหลวง\r\nก่อนจะมาทำหน้าที่นี้เธอเคยเป็นหมอยาแห่งย่านโคมแดง\r\nทว่า ถูกลักพาตัวจนต้องมาอยู่ในวังหลัง\r\nเรื่องราวเริ่มต้นขึ้นเมื่อเมาเมาได้ยินข่าวลือ\r\nเกี่ยวกับการสิ้นพระชนม์ของเหล่าทายาทของจักรพรรดิ\r\nนิสัยอยากรู้อยากเห็นและกระหายความรู้ที่มีมาแต่ไหนแต่ไร\r\nจึงถูกกระตุ้นให้เกิดความสนใจและเริ่มสืบค้นหาสาเหตุ\r\nสุดท้ายแล้ว ชะตาของเด็กสาวจะเป็นอย่างไรต่อไป…!?', 45),
('9786163710475', 'A Long Way Home 71 วัน ปลายทางคือบ้าน ระหว่างทางคือเรา', 280.25, 4, 7, '4b_3.png', '2020-03-23', ' \"เขา\" ลองชวน \"เธอ\" ที่เพิ่งตกลงคบกันได้ไม่นานกลับบ้านด้วยรถไฟหลังเรียนจบปริญญาโท ซึ่งเธอก็ไม่ได้หาเหตุผลใด ๆ มาคัดค้านและตัดสินใจที่จะร่วมเดินทางกับเขาอย่างไม่ลังเล... แต่การเดินทางที่ว่าไม่ใช่แค่ระยะทางเพียง 500-600 กิโลเมตร แต่มันตั้ง 15,000 กิโลเมตร! เริ่มจากนอตทิงแฮม ประเทศอังกฤษ สู่ กรุงเทพมหานคร ประเทศไทย ผ่าน 13 ประเทศ ทั้งยุโรป รัสเซีย มองโกเลีย จีน กัมพูชา และไทย... รวมทั้งสิ้น 71 วัน เมื่อรถไฟขบวนหนึ่งพาคนสองคนไปชื่นชมความสวยงามของเมืองต่าง ๆ ในแถบยุโรป และไปผจญภัยกับความลำบากที่ทะเลทรายโกบี มองโกเลีย ก่อนจะมุ่งหน้าเข้าประเทศจีนอันแสนวุ่นวาย สู่ปลายทางคือบ้านเกิดที่กรุงเทพมหานคร การเดินทางครั้งนี้ทำให้ทั้งคู่ได้เติมเต็มกันด้วยความรัก ความเข้าใจ และยังได้มิตรภาพใหม่จากเพื่อนร่วมทาง จึงเป็น 71 วันที่มีความหมาย เมื่อคำนิยามใหม่ได้ผุดขึ้นในใจของเขาและเธอว่า ต่อให้ชีวิตพบเจอเรื่องที่ดีหรือร้ายขนาดไหน ความอดทน จะทำให้อุปสรรคต่าง ๆ ผ่านพ้นไปได้ และด้วยความเข้าใจ จะทำให้เราสองคนยังมีกันและกันเสมอ', 13),
('9786163711410', 'สูญเสียแค่ไหน ก็ไม่เสียศูนย์ (How to Fix a Broken Heart)', 223.25, 3, 67, '3b_22.jpg', '2020-02-28', 'เยียวยาหัวใจที่กำลังพังทลาย ก่อนที่ชีวิตเราจะสลายไปกับมัน', 115),
('9786163781543', 'ต้นถั่วของป๋องแป๋ง', 76.5, 6, 94, '6b_28.jpg', '2020-04-20', 'นิทานภาพคำกลอนสำหรับเด็กวัย 4-6 ปี สอนให้เด็กรู้จักมีความรับผิดชอบ มีวินัย คิดเป็นระบบขั้นตอน เรียนรู้ที่จะแก้ปัญหาผ่านการปลูกต้นถั่ว โดยมีพ่อแม่คอยให้คำปรึกษา พร้อมเกร็ดความรู้สำหรับพ่อแม่', 141),
('9786163782465', 'ปิงปิงสวัสดีค่ะ', 76.5, 6, 94, '6b_26.jpg', '2020-04-19', 'EF (Executive Functions) คือ ความสามารถระดับสูงของสมองและจิตใจในการควบคุมความคิด อารมณ์ และการกระทำเพื่อไปให้ถึงเป้าหมายได้', 141),
('9786163878564', 'คาถาแปลงกาย (เจ้าดำไปโรงเรียน 3)', 202.5, 6, 62, '6b_21.jpg', '2020-03-09', 'เจ้าดำอยากเป็นแบบเพื่อนคนนั้น คนนี้ เจ้าดำลองพยายามหลายต่อหลายครั้งก็ยังไม่เห็นเหมือนเพื่อนๆ สักราย สุดท้ายลองทายดูกันซิว่า เจ้าดำจะพยายามแปลงกายเป็นใครต่อใครจนสำเร็จ หรือเจ้าดำจะยอมรับว่าเป็นตัวเองนั้นดีที่สุด ในแบบฉบับที่ไม่เหมือนใครนี่ละ...', 110),
('9786163884138', 'ต่ง หมิงจู กุหลาบเหล็กตำนานกรี', 190, 5, 60, '5b_21.jpg', '2020-02-20', 'ตำราเล่มไหนที่เธอใช้ศึกษา เธอสร้างความสำเร็จขนาดนี้ได้อย่างไร? ร่วมศึกษาหลักคิดในการทำธุรกิจของสตรีหญิงชาวจีนที่คนทั้งโลกให้ความสนใจ', 108),
('9786163900760', 'คิดอย่างเศรษฐี แบบนี้สิ! รวย', 79, 5, 68, '5b_22.jpg', '2020-03-01', 'จุดพลังความคิด มุมมองชีวิตในตัวคุณ กับแนวคิด เทคนิค และกลยุทธ์ในการทำธุรกิจของเหล่ามหาเศรษฐีระดับโลก ไม่ว่าจะเป็น บิล เกตส์, วอร์เรน บัฟเฟตต์, ลี กาชิง, คาร์ลอส สลิม ฯลฯ ที่ร่ำรวยและประสบผลสำเร็จได้ในแบบที่ตัวเองเป็นพร้อมกรณีศึกษาต่างๆ เพื่อให้คุณลุกขึ้นมาเปลี่ยนตัวเอง เพื่อก้าวไปสู่ความสำเร็จและความ “ร่ำรวย”อะไรที่คนรวยเขามี แล้วคุณไม่มี อะไรที่เศรษฐีเขาทำ แต่คุณยังไม่ได้ทำ ทำอย่างไรจึงจะรวย คิดแบบไหนจึงจะสำเร็จร่วมค้นหาคำตอบได้ในหนังสือเล่มนี้!', 116),
('9786163932884', 'จุดหมายหรือจุดหมายของชีวิต LOST & FOUND LAND', 148.75, 3, 40, '3b_16.jpg', '2020-04-21', 'ทุกๆกิจกรรมจะนำคุณไปสู่ความผ่อนคลาย ทบทวนตัวเอง ค้นหา และค้นพบ ผ่านศิลปะที่แฝงมากับสัญชาตญาณและธรรมชาติรอบตัวคุณเอง', 74),
('9786164066854', 'พจนานุกรม คำศัพท์หุ้น', 180.5, 5, 87, '5b_25.jpg', '2020-04-12', 'มือใหม่หัดเล่นหุ้นมักประสบปัญหาไม่เข้าใจคำศัพท์หุ้น อ่านหนังสือหุ้นเล่มอื่นๆแต่ไม่เข้าใจเท่าที่ควร เพราะไม่เข้าใจคำศัพท์หุ้น หนังสือเล่มนี้รวบรวมคำศัพท์หุ้นทุกคำ พร้อมแถมฟรี ตัวย่อบริษัทต่างๆในตลาดหลักทรัพย์ รวมทั้งจัดหมวดหมู่และขนาดของธุรกิจ ง่ายต่อการเลือกซื้อหุ้น เป็นประโยชน์กับนักลงทุนมือใหม่อย่างยิ่ง', 134),
('9786164090040', 'สาปศพนางฟ้า The Origin', 139, 1, 25, '1b_5.jpg', '2020-03-10', 'จุดเริ่มต้นสู่ความหลงใหล ความปรารถนา และตัวตนอันวิปริต ของ “อาริยะ” ชายหนุ่มผู้หลงใหลในความตาย “วาคินทร์” ผู้โหยหาการดิ้นรนเพื่อมีชีวิต และ “ลิลิต” นางฟ้าผู้อยู่กึ่งกลางความดำมืดทั้งสอง อันนำมาสู่ชีวิตและสายสัมพันธ์อันบ้าคลั่งที่คลุ้งไปด้วยกลิ่นโลหิตและความตาย', 44),
('9786164223333', 'เทคนิคทำสิ่งหนึ่งสิ่งใดให้ต่อเนื่อง', 225, 3, 39, '3b_15.jpg', '2020-04-26', 'เทคนิคทำสิ่งหนึ่งสิ่งใดให้ต่อเนื่อง\r\nเปลี่ยนความล้มเหลว เป็นความสำเร็จ ด้วยเทคนิคสร้างวินัย ให้ต่อเนื่องเป็นนิสัย พราะเหตุใด ผมจึงสามารถทำเรื่องเดิมๆ ได้อย่างต่อเนื่องนานเกินกว่า 10 ปี อันดับแรกขอถามก่อนเลยว่า คุณเคยทำสิ่งใดต่อเนื่องเป็นเวลานาน ๆ ไหม\r\nในเมื่อคุณหยิบหนังสือเล่มนี้ขึ้นมา ผมเลยขอเดาว่าคุณน่าจะเป็นคนประเภทที่ทำอะไรให้ต่อเนื่องนาน ๆ ไม่ค่อยสำเร็จ หากผมเดาถูก ขอบอกเลยว่าหนังสือเล่มนี้จะเป็นประโยชน์แก่คุณแน่นอน เพราะเมื่อก่อน ผมเองก็เคยเป็น ?คนที่ทำอะไรต่อเนื่องได้ไม่นาน เหมือนกัน ขออภัยที่แนะนำตัวช้า ผมชื่อโคะบะยะชิ ทะดะอะกิ เปลี่ยน ความล้มเหลว เป็นความสำเร็จ ด้วยเทคนิคสร้างวินัย ให้ต่อเนื่องเป็นนิสัย', 73),
('9786164301696', 'PLANTS vs ZOMBIES ตอน เอาตัวรอดจากภูเขาไฟและแผ่นดินไหว', 68, 1, 32, '1b_16.jpg', '2020-03-22', 'ปริศนาชวนฉงนให้น้องๆ ค้นหาคำตอบผ่านเรื่องราวจากการ์ตูนเสริมความรู้ให้เข้าใจมากยิ่งขึ้นด้วยความรู้เพื่มเติมเกี่ยวกับภูเขาไฟและแผ่นดินไหว', 61),
('9786164302136', 'PLANTS VS ZOMBIES ตอน ไขความลับภูมิศาสตร์', 68, 1, 32, '1b_18.jpg', '2020-04-22', 'ปริศนาชวนฉงนให้น้องๆ ค้นหาคำตอบผ่านเรื่องราวจากการ์ตูน เสริมความรู้ให้เข้าใจมากยิ่งขึ้นด้วยความรู้เพิ่มเติมเกี่ยวกับภูมิศาสตร์', 61),
('9786164302143', 'PLANTS VS ZOMBIES ตอน ไขความลับหุ่นยนต์', 68, 1, 32, '1b_17.jpg', '2020-04-22', 'ปริศนาชวนฉงนให้น้องๆค้นหาคำตอบผ่านเรื่องราวจากการ์ตูน เสริมความรู้ให้เข้าใจมากยิ่งขึ้นด้วยความรู้เพิ่มเติมเกี่ยวกับหุ่นยนต์', 61),
('9786164415454', 'Japan Chill Out ญี่ปุ่น...ไม่ไกลเกินใจฝัน', 175.75, 4, 86, '4b_25.jpg', '2020-04-11', 'ถ้าให้เลือกประเทศที่อยากไปเที่ยวหนึ่งประเทศ เชื่อว่า \'ญี่ปุ่น\' คงเป็นหนึ่งในอันดับต้น ๆ ของประเทศที่คนไทยอยากไปสัมผัส และนี่เอง...คงเป็นเหตุผลที่ทำให้เกิดหนังสือท่องเที่ยวประเทศญี่ปุ่นขึ้นมามากมาย ทั้งไกด์บุ๊คบอกข้อมูลตั้งแต่ขั้นตอนการซื้อตั๋วเครื่องบิน ไปจนถึงแนะนำสถานที่กิน ที่เที่ยว และอธิบายการเดินทางอันแสนจะงุนงงของเส้นทางรถไฟในญี่ปุ่น', 133),
('9786164416413', 'พอชีวิตเล็กลงก็ไปโลด', 120, 3, 8, '3b_14.jpg', '2020-04-19', 'เคล็ดลับกำจัดความวุ่นวายทั้งเรื่องงาน การเงินและความสัมพันธ์ต่างๆ เพื่อที่จะทำให้ตัวคุณได้ใช้ชีวิตอย่างเบาสบาย ผ่อนคลายกับความสุขรอบกายในแบบที่คุณต้องการ', 72),
('9786164416659', 'จำเป็นต้องพูดได้เมื่อไปเที่ยว JAPANESE Edition', 148, 4, 8, '4b_4.jpg', '2020-04-30', 'ภาษาญี่ปุ่น...\r\nจะไม่เป็นอุปสรรคในการไปเที่ยวประเทศญี่ปุ่น\r\nด้วยตัวเองอีกต่อไป\r\nเพียงพกพาเล่มนี้ไปด้วย ...\r\nสื่อสารได้ง่ายไม่ว่าเรื่องอะไรก็ตาม\r\nที่เกี่ยวข้องกับการเดินทางท่องเที่ยว', 14),
('9786164480162', 'สมการกลางฤดูร้อน', 217.6, 2, 29, '2b_4.jpg', '2020-03-26', 'ฤดูร้อนของ ยุกาว่า มานาบุ นักฟิสิกส์อัจฉริยะ ไม่น่าเบื่อเพราะการมีประชุมทางวิชาการ ณ เมืองฮาริงาอุระ ที่ขึ้นชื่อทะเล ทว่าโรงแรมที่เข้าพักกลับเกิดเหตุ มีชายคนนึงพลัดตกจากที่สูงกระแทกโขดหินเสียชีวิต เรื่องยิ่งกลับตาลปัตร เมื่อผู้ตายคืออดีตสายสืบ ฝ่ายสืบสวนสอบสวน สำนักงานตำรวจแห่งชาติ ซึ่งในอดีตเคยจับกุมผู้ร้ายฆ่าคนที่เคยอาศัยอยู่ในเมืองนี้ นี้เป็นการฆาตกรรมหรืออุบัติเหตุกันแน่ขณะเดียวกัน คุซานางิ ชุนเป ตำรวจสายสืบ ก็ได้รับคำสั่งด่วนให้สืบเงื่อนงำอะไรบางอย่าง สิ่งนั้นจะเกี่ยวกับเหตุการณ์ที่ยุกาว่าเผชิญหรือไม่ เรื่องราวสืบสวนสุดอลังการได้เริ่มขึ้นแล้ว !.น่าแปลก...ความสัมพันธ์ที่มีต่อเด็กๆ ในเมืองนี้ ไม่ก่อเกิดผดผื่นคันต่อนักฟิสิกส์ทว่ากลับสร้างความพึงพอใจจนถึงความห่วงใยด้วยซ้ำ', 51),
('9786164573499', 'เด็กสาวนั้นไม่รู้จักผู้ชาย เล่ม 1', 147.25, 1, 101, '1b_28.jpg', '2020-04-24', 'สาวน้อยคนหนึ่งเธอเกิดมาพร้อมกับโรคประหลาดคือ ไม่สามารถแยกแยะหน้าผู้ชายได้ มองไปไหนก็เหมือนกันหมด', 148),
('9786164576698', 'บันทึกจอมโจรแห่งสุสาร เล่ม 5 ภาค ทิเบต', 152, 1, 77, '1b_24.jpg', '2020-02-15', 'บรรพจารย์แห่งบ้านสกุลจางเคยกล่าวไว้ว่า สิ่งที่ชวนประหวั่นพรั่นพรึงจริงๆ ไม่ใช่สิ่งประหลาดแปลกปลอม แต่เป็นสิ่งที่มีตัวตนอย่างถูกต้อง', 124),
('9786164600447', 'อาถรรพ์คำสาปแค้น', 84.55, 1, 102, '1b_30.jpg', '2020-04-24', 'รวบรวมคำสาปร้ายที่คาดว่ามีอยู่จริงจากรอบโลก', 150),
('9786164620070', 'เจาะตำนานไททานิก NO.168 ชุดอัจฉริยะเรียกพี่', 42, 6, 57, '6b_15.jpg', '2020-04-11', 'เปิดตำนานไททานิกเรือเดินสมุทรสุดหรู\r\n\r\nย้อนรอยเหตุการณ์ระทึกก่อนเรืออับปาง\r\n\r\nเผยทุกความเชื่อ ลางร้าย และความผิดพลาด\r\n\r\nพร้อมสัมผัสวินาทีสุดท้ายของผู้โดยสารบนเรือ', 103),
('9786164640511', 'COLOR RECIPE คัลเลอร์เรซิพี เล่ม 1 (Mg)', 166.25, 1, 64, '1b_21.jpg', '2020-02-01', 'ฟุคุสุเกะมาอยู่ค้างคืนด้วยเพราะพลาดรถไฟขบวนสุดท้าย พฤติกรรมลามกของฟุคุสุเกะก็สำแดงฤทธิ์ เขาขึ้นคร่อมโชคิจิตอนหลับและยัดเยียดความปรารถนาของตน', 112),
('9786164641563', 'Fate Grand Order เฟต/แกรนด์ออร์เดอร์ คอมิกอะลาคาร์ต เล่ม 3 (Mg)', 137.75, 1, 64, '1b_29.jpg', '2020-04-24', 'รวมเรื่องสั้นสุดป่วนฮาของเหล่ามาสเตอร์และเซอร์แวนต์ จากสุดยอดเกมออนไลน์แห่งยุค Fate/Grand Order โดยฝีมือทีมนักวาดชั้นนำ รวมทั้งครีเอเตอร์ที่เคยฝากผลงานไว้ในเกมมาแล้ว!!', 149),
('9786164672765', 'เมฆเพื่อนรัก', 90.24, 6, 76, '6b_23.jpg', '2020-02-02', 'ปันไม่ค่อยชอบบ้านที่นี่เลย ปันอยากไปอยู่บ้านของคุณปู่คุณย่ามากกว่า', 102),
('9786164672826', 'เชื้อโรคไม่ได้มีไว้แบ่งปัน', 92, 6, 56, '6b_13.jpg', '2020-04-27', 'หนึ่งในหนังสือชุด ส่งเสริมพฤติกรรมสร้างสรรค์ หนังสือน่าอ่านจากประเทศสหรัฐอเมริกา ส่งเสริมให้เด็ก ๆ รู้จักดูแลรักษาสุขอนามัยของตัวเองและผู้อื่น ตั้งแต่ยังเล็ก ๆ และเรียนรู้ว่า “เชื้อโรคไม่ได้มีไว้แบ่งปัน” ในรูปแบบหนังสือ 2 ภาษา (ไทย – อังกฤษ) พร้อมเคล็ดลับสำหรับพ่อแม่ท้ายเล่ม', 101),
('9786164710009', 'RUSSIA มอสโก เซนต์ปีเตอร์สเบิร์ก และทรานส์ไซบีเรีย', 331.5, 4, 35, '4b_15.jpg', '2020-04-25', 'เราอยู่ในยุคที่การเดินทางกลายเป็นส่วนสำคัญในชีวิตมากขึ้นเรื่อยๆ ผู้คนจำนวนมากออกเดินทางด้วยเป้าหมายที่แตกต่าง และกลับมาพร้อมกับเรื่องราวหลากหลายที่ได้พบเจอ คู่มือท่องเที่ยวชุด KTC guidezine x wongklom journey เกิดขึ้นบนความเชื่อที่ว่า ทุกคนควรมีอิสระที่จะเลือกวางแผนการเดินทางท่องเที่ยวในแบบที่ตอบโจทย์ของตนเอง ทางกองบรรณาธิการจึงได้ออกเดินทางไปเก็บข้อมูลแบบ on site เพื่อคัดสรรแง่มุมแปลกใหม่หลากหลายของน่าชิม และร้านน่าชอปไว้อย่างครบถ้วน เพียงพอที่จะทำให้นักเดินทางในแบบฉบับของตัวเอง นอกจากคำแนะนำและแผนที่ เรายังแทรกเกร็ดน่ารู้และเรื่องอ่านเล่นสไตล์แมกกาซีนเกี่ยวกับแนวคิดเบื้องหลังต่างๆ เพื่อให้คุณได้ดื่มด่ำกับการเดินทางอย่างเต็มที่อีกด้วย เราหวังว่าหนังสือชุด KTC guidezine x wongklom journey จะกระตุ้นต่อมอยากเดินทาง และช่วยให้คุณเก็บเกี่ยวความทรงจำทรงคุณค่าจากการออกเดินทางแต่ละครั้งได้อย่างคุ้มค่าที่สุด', 65),
('9786164710016', 'GREECE IN SEARCH OF THE TIMELESS BEAUTY', 331.5, 4, 35, '4b_14.jpg', '2020-04-24', 'ตามหาความงาม ข้ามกาลเวลา', 65),
('9786164710023', 'TURKEY MOSAIC OF WONDERS ตุรกีชุมนุมสิ่งมหัศรรจ์ของโลก', 331.5, 4, 35, '4b_13.jpg', '2020-04-16', 'รวบรวมข้อมูลสถานที่น่าชมอาหารน่าชิม และร้านน่าชอปไว้อย่างครบถ้วน เพียงพอที่จะทำให้นักเดินทางเกิดแรงบันดาลใจ และวางแผนการเดินทางในฉบับตัวเอง', 65),
('9786164730953', 'บ้านนี้มีหมอเทวดา เล่ม 12 (เล่มจบ)', 325.5, 2, 105, '2b_30.jpg', '2020-04-10', 'เธอรักษาผู้ป่วยท่ามกลางยุคสมัยที่ขาดแคลนตัวยาและอุปกรณ์ทางการแพทย์ได้หรือไม่ ฉีเยว่เลือกเป็นหมอเพราะอะไร? สุดท้ายแล้วหัวใจจะตอบเธอเอง', 153),
('9786164744356', 'Just U, Not US เมื่อผมเป็นผู้จัดการดารา', 375.25, 2, 72, '2b_23.jpg', '2020-04-10', 'เจตรินรู้ทันที งานนี้ต้องมีเงื่อนงำ! ใครจะจ้างเด็กเพิ่งบรรลุนิติภาวะมาเป็นผู้จัดการกันล่ะ แต่เพื่อเงินก้อนนี้ เจจะสู้! จนสิ้นเลือดหยดสุดท้าย', 120),
('9786164782716', 'Harmonic รักเสี่ยงทาย', 350.55, 2, 90, '2b_26.jpg', '2020-04-15', 'เพราะทนความหลอนจากหอเดิมไม่ไหว ฉันจึงย้ายออกมาอยู่บ้านเล็กหลังหนึ่ง ซึ่งไม่นานหลังจากที่จ่ายเงินแล้วก็ได้ยินเรื่องเล่าแปลกๆ ที่ไม่น่าพิสมัย', 137),
('9786164787315', 'Dear Deer, from Wolf กวางเป็นสัตว์กินเนื้อ', 238, 2, 46, '2b_15.jpg', '2020-03-17', 'ตามธรรมชาติ‘กวาง’เป็นสัตว์ที่ถูกล่า ส่วน‘หมาป่า’เป็นสัตว์ผู้ล่า ยกเว้นกวางหนุ่มตนหนึ่ง เขากล้าท้าชนกับพวกเผ่าผู้ล่า เขาไม่กลัวมิชแม้แต่น้อย', 83),
('9786164854116', 'STARTUP กับการวางกลยุทธ์บุกตลาด\r\n', 251.75, 5, 99, '5b_27.jpg', '2020-04-21', 'รวม 40 กลยุทธ์ที่สตาร์ทอัพระดับโลกใช้ในการปั้นธุรกิจ สำหรับคนอยากทำสตาร์ทอัพโดยใช้งบน้อย', 146),
('9786164870321', 'เรื่องพินอคคิโอ นิทานเล่มแรก', 266, 6, 108, '6b_30.jpg', '2020-04-30', 'ลองจับกลไก ดึง ดัน เลื่อนจับ ขยับเล่นดูสิจ๊ะ พร้อมกับอ่านนิทานเรื่อง พินอคคิโอ อย่างสนุกสนานไปด้วยกัน', 164),
('9786164925502', 'คู่ (จิ้น) รัก พลิกล็อก เล่ม 1', 399, 2, 84, '2b_25.jpg', '2020-04-09', 'สู้เส้นทางแห่งมิตรภาพด้วยความระมัดระวัง และดูเหมือนว่า...แฟนคลับปลอมๆ คนนี้จะกลายเป็นแฟนคลับที่รักอีกฝ่ายจริงๆ ซะแล้วสิ', 131),
('9786164960121', 'เสน่หาบัญชาเทพ', 245.65, 2, 45, '2b_14.jpg', '2020-04-24', 'พบว่ากำไลนั้นกลับมีความลับสำคัญยิ่งอยู่และมารู้เอาเมื่อตัวเองกลายเป็น เหยื่อสังเวย ของเทพเจ้าจากัวร์ผู้งดงามและดุดันไปเสียแล้ว!?!', 82),
('9786164972308', 'พลิกชีวิตไร้บ้าน สู่พันล้านบาทแห่งธุรกิจ', 332.5, 5, 93, '5b_26.jpg', '2020-04-18', 'หลัก 18 ประการสู่ความมั่งคั่งและการสร้างโอกาสอันไร้ขีดจำกัด', 139),
('9786164972858', 'ฉบับปักกะจี๋ (Joking Episode I: ปฐมบทแห่งความฮา)', 148, 1, 89, '1b_26.jpg', '2020-04-14', '234 คำถาม อะไรเอ่ย? ฉบับฮาน้ำตาเล็ดทายปัญหากับเพื่อนๆ อ่านได้ทุกวัยให้ความผ่อนคลายเพลิดเพลิน', 136),
('9786164978607', 'การจัดทำแผนกลยุทธ์และแผนธุรกิจใหม่', 142.5, 5, 13, '5b_2.jpg', '2020-03-16', 'หนังสือ \"การจัดทำแผนกลยุทธ์และแผนธุรกิจใหม่\" เล่มนี้ สามารถนำไปใช้เป็นคู่มือการจัดการเชิงกลยุทธ์ การวางแผนกลยุทธ์และจัดทำดัชนีชี้วัดผลการดำเนินงาน ซึ่งเป็นการรวบรวมความรู้และเทคนิคต่าง ๆ โดยสรุปประเด็นสำคัญด้ายการวิเคราะห์สภาวะแวดล้อม การวิเคราะห์ธุรกิจ การวิเคราะห์การแข่งขัน การวางแผนกลยุทธ์ในระดับต่าง ๆ รวมทั้งการเปลี่ยนองค์กรด้วยเทคโนโลยีดิจิทัล การนำแผนไปปฎิบัติ การทำติดตามและควบคุมด้วยเครื่องมือ BSC และ KPI และ Strategy Map และ OKR', 22),
('9786164978881', 'หัวหน้างานชั้นเยี่ยม', 190, 3, 85, '3b_25.jpg', '2020-04-10', 'วิชาที่ไม่มีสอนในสถาบันการศึกษา แต่ว่าโคตรจำเป็นเลย สำหรับเจ้าของกิจการ ผู้บริหาร หัวหน้างานและผู้ที่ต้องการเป็นผู้นำที่ดีและประสบความสำเร็จ', 132),
('9786164990548', 'เราเถียงกันทำไมไม่เห็นด้วยอย่างไรให้คนเห็นด้วย', 216.75, 3, 43, '3b_19.jpg', '2020-04-20', 'เถียงกันอย่างไรให้ไม่ต้องทะเลาะกัน เถียงกันอย่างไรให้มีแต่ได้กับได้ คุณพร้อมจะถกเถียงอย่างมีประสิทธิภาพหรือยัง?', 77),
('9786165155984', 'จอนนี่ ไอฟฟ์ นักออกแบบอัจฉริยะ', 252, 5, 6, '5b_6.jpg', '2020-04-29', 'เรื่องราวของอัจฉริยะด้านการออกแบบ จอนนี่ ไอฟฟ์ ผู้ร่วมมือกับสตีฟ จ็อบส์ สร้างสรรค์ผลิตภัณฑ์เทคโนโลยีชั้นนำโด่งดังที่สุดในโลก อย่าง iMac, iPod, iPad และ iPhone งานดีไซน์ของเขาทำให้ Apple เป็นบริษัทที่มีมูลค่ามหาศาล และพลิกโฉมอุตสาหกรรมผลิตภัณฑ์เทคโนโลยีทั้งหมด สร้างฐานผู้บริโภคที่ภักดี และสร้างแบรนด์ที่แข็งแกร่งระดับโลก หนังสือเล่มนี้รวบรวมข้อมูลจากการสัมภาษณ์อดีตเพื่อนร่วมงานของจอนนี่ ไอฟฟ์ รวมทั้งความรู้และความคุ้นเคยของผู้เขียนที่เฝ้าติดตามพัฒนาการของ Apple มานานหลายปี ', 26),
('9786165156592', 'เพาะหุ้นเป็น เห็นผลยั่งยืน ตอน มหัศจรรย์ผลตอบแทน', 144, 5, 6, '5b_1.jpg', '2020-03-23', 'หนังสือ \"เพาะหุ้นเป็น เห็นผลยั่งยืน ตอน มหัศจรรย์ผลตอบแทน\" เล่มนี้ เป็นอีกบทบาทหนึ่งของคุณกวี ชูกิจเกษม ที่จะมาบอกเล่า แบ่งปันความรู้และประสบการณ์ด้านการลงทุนในขั้นที่ลึกขึ้น ต่อเนื่องจาก \"เพาะหุ้นเป็น เห็นผลยั่งยืน\" ทีได้วางรากฐานความเข้าใจในเรื่องการลงทุนให้ผู้อ่านได้รู้วิธีการเลือกหุ้นตามรูปแบบการลงทุนของตัวเองไปแล้ว โดยในเล่มนี้ คุณกวีจะนำทุกท่านพัฒนาตนเองไปสู่การเลือกหุ้นที่ถูกต้องในช่วงเวลาที่เหมาะสม เมื่ออ่านจบคุณจะพบว่า การพบกับหุ้นที่ชอบในช่วงเวลาที่ใช่ จะสร้างผลตอบแทนที่คุ้มค่า สมกับคำว่า มหัศจรรย์ผลตอบแทน ', 21),
('9786165243520', 'The Shearingt Gun ลงเอยด้วยรัก', 228, 2, 96, '2b_27.jpg', '2020-04-21', 'เอลเลียตเป็นหมอหนุ่มคนใหม่ที่เพิ่งย้ายมาอยู่ที่นี่ ตั้งแต่แฮงค์พาตัวเองมาให้หมอรักษา เขาก็รู้สึกว่าหมอมีความสนใจในตัวเขา สายตาของหมอมองสำรวจหุ่นเขาอย่างลืมตัว แน่ละ จากการทำงานหนักมานานปี เขามีรูปร่างที่บึกบึนชวนน้ำลายหก และในความคิดของเขาแล้ว หมอเองก็น่ารักไม่ใช่น้อย แต่เขาไม่อาจมีสัมพันธ์กับใครในละแวกบ้านได้ ความรักแบบนี้ยังไม่เป็นที่ยอมรับในเขตชนบทที่มีแต่พวกอนุรักษนิยม ถ้ามีใครรู้ความลับของเขา ชีวิตสังคมและการงานของเขาในแถบนี้เป็นอันจบกัน เขาจะไม่ยอมให้มันเกิดขึ้น! แต่เขาจะห้ามใจตัวเองได้หรือ...?', 143),
('9786165361736', 'หุ้นวายร้าย', 220, 5, 17, '5b_10.jpg', '2020-04-16', 'หนังสือ “หุ้นวายร้าย” เล่มนี้ รวบรวมและนำมาเรียบเรียงใหม่ จากคอลัมน์ “ชุมชนคนหุ้น” ของสุนันท์ ศรีจันทราในหนังสือพิมพ์ ผู้จัดการ 360 องศา โดยคัดเลือกเนื้อหาที่สะท้อนถึงพฤติกรรมอันไม่น่าไว้วางใจของหุ้นหลายตัว การดำเนินงานที่เข้าข่ายต้องตั้งข้อสงสัยในความไม่โปร่งใสของบริษัทจดทะเบียน เพื่อเป็นข้อมูลที่นำไปประกอบการตัดสินใจลงทุนสำหรับนักลงทุนรายย่อยมือใหม่ให้เพิ่มความระมัดระวังในการลงทุน ไม่ตกเป็นเหยื่อแก๊งมิจฉาชีพในตลาดหุ้น', 30),
('9786165600101', 'อาชญากรรม (รัก) ในม่านเมฆ เล่ม 1', 306, 2, 47, '2b_16.jpg', '2020-03-30', 'นิยายแนวสืบสวนสอบสวน แต่ก็ยังแฝงกลิ่นอายความรักกรุบๆ', 84),
('9786167255118', 'หนังสือนิทานอนุบาลเพื่อนเยอะ นิทานพัฒนาEQ เตรียมความพร้อมก่อนไปเรียนอนุบาล', 72, 6, 22, '6b_19.jpg', '2020-05-07', '', 99),
('9786167255248', 'หนังสือนิทานพัฒนาEF ระเกะระกะ เสริมสร้างEQ สอนเรื่องเก็บของให้เป็นระเบียบ', 76, 6, 22, '6b_11.jpg', '2020-04-22', 'หนังสือนิทานส่งเสริมให้เด็กๆ รู้จักเก็บของใช้ให้เป็นระเบียบ\r\nด้วยเรื่องราวของไก่น้อย “ระกา” จอมขี้เกียจที่ปล่อยให้ห้องรกระเกะระกะ\r\nทำให้หาของไม่เจอ และพลาดโอกาสดีๆ ไปอย่างน่าเสียดาย', 99),
('9786167290713', 'โฮโนลูลู คู่มือเที่ยวฮาวายด้วยตัวเอง', 50, 4, 9, '4b_6.jpg', '2020-04-29', 'โฮโนลูลู เป็นเมืองที่ใครไปแล้วก็ต้องหลงรัก ติดอันดับท็อปเท็นของการจัดอันดับเมืองน่าอยู่ที่สุดในโลกเมืองที่น่าเที่ยวที่สุดในโลก และเมืองโรแมนติกที่สุดในโลก', 16),
('9786167290980', 'IRAN จุดบรรจบอารยธรรมโลก', 331.5, 4, 35, '4b_16.jpg', '2020-04-20', 'มหัศจรรย์สีสันสถาปัตยกรรมอิสลาม ผ่อนคลายท่ามกลางสวนสวรรค์ สนุกกับลานสกีบนเทือกเขาเหนือโลก ลิ้มรสเคบับหนักเครื่องเทศ', 65),
('9786167290997', 'RAJASTHAN, DELHI & AGRA มหัศจรรย์อินเดีย เส้นทางราชสถาน เดลี และอักรา', 331.5, 4, 35, '4b_20.jpg', '2020-04-10', 'คู่มือท่องเที่ยว อินเดียเส้นทางราชสถาน เดลี และอักรา รวบรวมแหล่งท่องเที่ยวบนเส้นทางยอดนิยม golden triangle ของอินเดีย เป็นเส้นทางยอดนิยมเพราะความพร้อมทางด้านสาธารณูปโภคที่นักท่องเที่ยวไม่ต้องปรับตัวมากนัก', 65),
('9786167411224', 'ผจญภัยในฮานอย เล่ม 22 : ชุด คุกกี้รันผจญภัย\r\n', 158, 6, 21, '6b_8.jpg', '2020-03-19', 'เบรฟและเหล่าผองเพื่อนเดินทางไปยังกรุงฮานอย ประเทศเวียดนาม พวกเขาพบกับแวร์วูล์ฟและได้ฟังแผนการอันน่ากลัวของลูนาร์ เมื่อท่าน “โฮจิมินห์” ผู้พิทักษ์แห่งฮานอยเล่าตำนานควายทองคำให้ฟัง พวกเขาจึงออกตามหาสัตว์ในตำนาน และต้องเผชิญกับบททดสอบครั้งใหญ่!', 37),
('9786167422756', 'Sasi\' Sketch Book Japan Diary เล่ม 2 Shirakawago', 301, 4, 11, '4b_9.jpg', '2020-03-16', 'หนังสือบันทึกการเดินทางท่องเที่ยวด้วยลายมือและภาพสเก็ตซ์สีน้ำ เล่มนี้เป็นเล่ม 2 ในชุด Japan Diary ซึ่งมี2 เล่ม เล่มนี้พาไปเที่ยวจาก โตเกียวไปเมืองชิราคาวาโกะ เมืองทีมีหมู่บ้านหลังคาฟาง เป็นเมืองมรดกโลก ไปเที่ยวในช่วงหน้าหนาว หิมะตก ไปดูลิงแก้มแดงแช่ออนเซ็น และวนกลับมาโตเกียว หนังสือชุดเจแปนไดอารี่ เป็นหนังสือที่จะทำให้เกิดแรงบันดาลใจในการท่องเที่ยวและการทำบันทึกการเดินทาง', 19),
('9786167435428', 'ยาจกตระกูลตึ๋ง เล่ม 33 : ชุด ครอบครัวตึ๋งหนืด', 179, 6, 19, '6b_7.jpg', '2020-03-19', 'การ์ตูนเตรียมสอบวิทยาศาสตร์แบบฮากระจาย จำง่าย จำไว เพราะเล่าด้วยภาพ เพิ่มเติมความรู้ด้วยคอลัมล์เกร็ดเล็กเกร็ดน้อย แถมแบบทดสอบพร้อมเฉลยเพื่อวัดคะแนนตัวเอง อัพเกรดความสนุกและอัพเกรดความรู้วิชาวิทยาศาสตร์แบบตรงเผง กับเนื้อหาสาระที่ 1 สิ่งมีชีวิตกับกระบวนการดำรงชีวิตของวิชาวิทยาศาสตร์ในหนังสือเรียน', 36),
('9786167477480', 'ปรมาจารย์ลัทธิมาร เล่ม 1', 333, 2, 27, '2b_1.jpg', '2020-04-15', 'ปรมาจารย์อี๋หลิง เว่ยอู๋เซี่ยน สิ้นชีพ ณ เนินป่าช้า ว่ากันว่ากายแหลกเหลว ไร้ร่างให้ดินกลบฝัง ทว่าด้วยพฤติกรรมเลวทรามต่ำช้าที่ระบือไกล ผู้คนจึงพากันยินดีที่เขามอดม้วย และไม่ว่าใครก็คงคาดไม่ถึงว่า เวลาผ่านไปสิบกว่าปี จะมีใครบางคนใช้อาคมต้องห้าม ยอมอุทิศร่างให้เขาฟื้นคืน!\r\n\r\n       ด้วยมีศัตรูอยู่ทุกหัวระแหง เว่ยอู๋เซี่ยนจำต้องปิดบังตัวตนสุดชีวิต แม้จะทำได้ยากเย็นเต็มที เมื่อต้องเผชิญหน้ากับภูตผีปีศาจร้ายกาจ และตระกูลเซียนที่เคยล้อมปราบ รวมถึงคู่รักคู่แค้นอย่าง หลานวั่งจี', 49),
('9786167477541', 'ปรมาจารย์ลัทธิมาร เล่ม 2', 333, 2, 27, '2b_2.jpg', '2020-04-15', 'ณ ที่นั่น สิ่งที่รอต้อนรับพวกเขาอยู่ก็คือ ภัยร้ายที่คาดไม่ถึง พร้อมด้วยเรื่องราวโศกนาฏกรรมระหว่างวิญญาณเด็กสาว นักพรตผู้หายสาบสูญ และฆาตกรผู้ก่อคดีสังหารล้างตระกูล\r\n.\r\nทว่าสิ่งที่พวกเขาต้องรับมือหาได้มีเพียงอุปสรรคครั้งใหม่ไม่ เพราะยิ่งรวบรวมชิ้นส่วนศพได้มากเท่าไร อันตรายก็ยิ่งคืบคลานเข้ามาใกล้เท่านั้น!', 49),
('9786167484297', 'พระจันทร์ ฝันดี', 80.75, 6, 70, '6b_22.jpg', '2020-03-30', 'เรื่องราวชี้ชวนให้ดูสิ่งต่าง ๆ ในห้องสีเขียวสดใสสว่างตา ด้วยลีลาถ้อยคำคล้องจอง\r\nให้ดูให้มอง ตั้งแต่โทรศัพท์ ลูกโป่งสีแดง ภาพวัวกระโดด ภาพลูกหมีสามตัว ถุงมือ ถุงเท้า กองไฟ\r\nลูกแมว ลูกหนูตัวจ้อย...เหล่านี้ดูเหมือนสิ่งของทั่วไป ซึ่งแท้ที่จริงแล้วล้วนมีความหมายมีความสัมพันธ์กันในเรื่องราว มีความผูกพันกับชีวิตของตัวละครในหนังสือ และจากนั้นก็ชวนเด็ก ๆ กล่าวคำก่อนนอนไล่เรียงตามลำดับกับสิ่งที่ผูกพันเหล่านั้นว่า “ฝันดีนะ...”', 118),
('9786167809250', 'ขายบนเฟซ ขายไม่ได้ให้เตะ', 217.5, 5, 80, '5b_24.jpg', '2020-04-11', 'รวบรวมช่องทางและเทคนิคการขายบน Facebook ไว้มากที่สุด ทั้ง Facebook Profile, Facebook Group, Facebook Page, Facebook Marketplace และอื่นๆ', 127),
('9786167832166', 'เป็นเจ้าของกิจการที่รุ่งทะยานเกินใคร (The E-Myth Revisited)', 187, 5, 1, '5b_15.jpg', '2020-04-05', 'เคล็ดลับที่จะเปลี่ยนชีวิตและวิธีคิดของเจ้าของกิจการไปตลอดกาล', 93),
('9786167832296', 'บทเรียนชีวิตที่จิตแพทย์อยากบอก (The Road Less Traveled)', 238, 3, 1, '3b_9.jpg', '2020-03-05', 'ความรักหรือการแผ่ขยายตัวเราเองออกไปนั้น ต้องอาศัยการก้าวให้พ้นจากความเฉื่อยเนือย ของความเกียจคร้าน (ด้วยการลงแรง) หรือจากแรงต้านของความกลัว (ด้วยความกล้า) ประสบการณ์ของการเปลี่ยนแปลงของกิจกรรมที่ไม่คุ้นเคย ของการอยู่ในที่ที่ไม่คุ้นชิน ของการทำบางสิ่งบางอย่างที่ต่างออกไปนั้น ล้วนเป็นสิ่งที่น่ากลัว มันเป็นเช่นนี้เสมอมา และจะเป็นเช่นนี้ตลอดไป', 9),
('9786167832371', 'ความหมายของการมีชีวิต (Messages from the Masters)', 255, 3, 1, '3b_10.jpg', '2020-03-05', 'ในความหมายของการมีชีวิต (Messages from the Masters) ซึ่งเป็นตัวแทนสุดยอดประสบการณ์ความรู้และการศึกษาตลอด 20 ปี และเป็น หัวใจคำสอน ของนายแพทย์ไวส์เล่มนี้ ผู้เขียนไม่เพียงนำเสนอเรื่องราวชวนอึ้งจากการสะกดจิตระลึกชาติของคนไข้รวมถึงถ่ายทอด ‘คำสอน’ จาก The Masters - วิญญาณบื้องบน เกี่ยวกับเรื่องอดีตชาติและการเวียนว่ายตายเกิด หากยังขยายประเด็นสู่การเปลี่ยนแปลงชีวิตในปัจจุบัน ธรรมชาติและจุดหมายของดวงวิญญาณ พลังของความรัก การเยียวยา ภาพกว้างของชีวิต กระแสเคลื่อนไหวนิวเอจ รวมถึงการทำความเข้าใจความหมายของเรื่องราวทั้งหมดนี้', 10),
('9786167832388', 'ก้าวเดิน (Walking)', 272, 3, 1, '3b_5.png', '2020-03-07', 'เมื่อ การเดิน สามารถพาเราเข้าสู่ห้วงลึกสุดในตัวเอง\r\nเปิดเราสู่สัมผัส การรับรู้ และประสบการณ์แบบใหม่\r\nก้าวเดิน | WALKING สุนทรียภาพแห่งงานเขียน\r\nที่หยั่งลึกถึงความเป็นมนุษย์และความหมายชีวิต', 5),
('9786167832395', 'เชื่อเถอะ! อย่าเยอะเกิน', 233.75, 3, 1, '3b_1.png', '2020-03-24', 'ความเครียด ความกดดัน ความเร่งเร้า (รวมถึงบาดแผลจากอดีต) มักเข้ามาบดบังการมองโลกของเรา วันแล้ววันเล่า ถึงจุดหนึ่งเราก็มองชีวิตไม่ชัดเจนเสียแล้ว เรากลายเป็นคนที่มองชีวิตไม่ออก แล้วก็มักตอบสนองต่อเรื่องราวต่างๆ ในแบบที่สร้างความทุกข์ให้ตัวเองและคนรอบตัว เราคิดว่ามันก็ต้องเป็นแบบนี้ จะให้ทำอย่างไรได้ แต่เราอาจไม่เฉลียวใจว่า จริงๆ แล้วมันยังมีวิธีอื่นที่จะมองและตอบสนองต่อสิ่งที่ผ่านเข้ามาในชีวิต', 1),
('9786167832401', 'สนทนากับพระเจ้า การพูดคุยที่ไม่ธรรมดา เล่ม 2', 255, 3, 1, '3b_7.jpg', '2020-04-24', 'หนังสือเล่มนี้คือการพูดคุยกับพระเจ้าที่เกิดขึ้นจริง เป็นเล่มที่สองในไตรภาคสามเล่ม คือส่วนหนึ่งของการสนทนาที่กินเวลากว่าห้าปี และยังเกิดขึ้นจนถึงตอนนี้ ผู้อ่านอาจไม่เชื่อว่าเอกสารชุดนี้มาจากพระเจ้าจริงๆ และผมก็ไม่จำเป็นต้องให้คุณมาเชื่อด้วย สิ่งสำคัญสำหรับผมอยู่แค่ว่าเอกสารชุดนี้มีคุณค่าอะไรบ้างไหม ให้ความเข้าใจอะไรบ้างหรือเปล่า ก่อให้เกิดการตื่นรู้ จุดประกายความปรารถนาใหม่ เกื้อหนุนให้เกิดการเปลี่ยนแปลงที่ออกดอกผลในชีวิตประจำวันของเราบนโลกนี้บ้างหรือไม่ พระเจ้ารู้ว่าบางสิ่งจำต้องเปลี่ยนแปลง เราไม่อาจให้มันเป็นเช่นที่เป็นมา...', 7),
('9786167878065', 'แกะรอยการลงทุน เลือกหุ้นอย่างวอร์เรน บัฟเฟตต์', 280.25, 5, 107, '5b_30.jpg', '2020-02-14', 'กลยุทธ์สู่ความสำเร็จในการลงทุนืของสุดยอดนักลงทุนระดับโลก', 162),
('9786167890555', 'เริ่มต้นซื้อหุ้นออนไลน์', 153, 5, 53, '5b_14.jpg', '2020-04-12', 'เพื่อช่วยปูทางให้กับผู้ลงทุนก้าวเข้าสู่ตลาดหุ้นได้อย่างมั่นใจมากขึ้น ด้วยความหวังว่า ความรู้จะนำพาให้ทุกท่านโชคดีในตลาดหุ้น', 92),
('9786167894225', 'Trip To Korea : ใคร ๆ ก็ไปเที่ยวเกาหลี', 304, 4, 92, '4b_26.jpg', '2020-04-17', '\'Trip To Korea : ใคร ๆ ก็ไปเที่ยวเกาหลี\' เล่มนี้ ได้รวบรวมข้อมูลที่จำเป็นสำหรับเที่ยวประเทศเกาหลีใต้ไว้อย่างครบครัน ตั้งแต่สถานที่ท่องเที่ยวในกรุงโซลและเมืองต่างจังหวัด บัตรโดยสาร ตั๋วพาส วิธีการเดินทาง แผนที่ ค่าใช้จ่าย แนะนำที่พัก อาหาร แหล่งช้อปปิ้ง ของฝาก โดยอธิบายข้อมูลอย่างละเอียด พร้อมแผนที่ และภาพประกอบเนื้อหา พร้อมให้คุณผู้อ่านใช้วางแผนเดินทางท่องเที่ยวได้อย่างมั่นใจ สนุก มีสาระ ประหยัด รักและประทับใจแดนโสมขาวแห่งนี้จนอยากกลับไปเที่ยวอีก', 140);
INSERT INTO `book` (`isbn`, `book_name`, `price`, `catagory_id`, `pub_id`, `coverpic`, `book_date`, `datail`, `author_id`) VALUES
('9786167894256', 'Trip To BENELUX เที่ยวกลุ่มประเทศเบเนลักซ์', 273, 4, 10, '4b_7.jpg', '2020-03-15', '\"เบเนลักซ์\" คือกลุ่มประเทศที่รวมตัวขึ้นเพื่อความร่วมมือทางด้านเศรษฐกิจ ประกอบด้วย เบลเยียม เนเธอร์แลนด์ และลักเซมเบิร์ก ในอดีตทั้ง 3 ประเทศเคยเป็นอาณาจักรเดียวกันที่รู้จักในชื่อ \"ดินแดนแผ่นดินต่ำ\" คืออยู่ต่ำกว่าระดับน้ำทะเล และมีประวัติศาสตร์ที่เกี่ยวข้องกันอยู่ไม่น้อย เบเนลักซ์จึงเป็นดินแดนที่น่าเที่ยวทั้งในแง่ประวัติศาสตร์ วัฒนธรรม ธรรมชาติ และความทันสมัยที่ผสมกลมกลืนกับความเป็นท้องถิ่นได้อย่างลงตัว มีเมืองเก่าและบรรยากาศแบบเมืองโบราณสมัยกลางอันเป็นยุคทองของยุโรปให้เห็นในหลายๆ เมือง', 17),
('9786167897868', 'Online Marketing ใครๆ ก็ทำได้', 200, 5, 54, '5b_16.jpg', '2020-04-01', 'รวมหลากหลายกลยุทธ์ทำการตลาดออนไลน์ ชนะใจลูกค้า เหนือกว่าคู่แข่ง', 94),
('9786167936840', 'มุสิกต้องสาป (A Case of Jossession)', 228.65, 2, 45, '2b_13.jpg', '2020-04-30', 'หากยังสานต่อความสัมพันธ์กับเครน สตีเวนอาจสูญเสียทั้งเพื่อน งาน และอิสรภาพ พวกเขาต้องยอมแลกอะไรสักอย่าง...เพื่อกันและกัน', 81),
('9786167942544', 'นั่งรถไฟไปตู้เย็น', 217.5, 4, 63, '4b_21.jpg', '2020-03-01', 'อ่านแล้วคุณจะอยากออกเผชิญโลกกว้าง วางความวังกลเอาไว้ จะเห็นโลกนี้สนุกกว่าที่เคยคิด', 111),
('9786167982434', 'WHAT IS THE GOOD LIFE?', 382.5, 3, 36, '3b_12.jpg', '2020-04-21', 'เพราะชีวิตของแต่ละคนเต็มไปด้วยเรื่องราวหรือ Moment ที่ร้อยเรียงต่อกันให้เราจดจำผู้คนที่เราพบเจอ', 70),
('9786168028544', 'ฉลาดรู้ดูแลตนเองในบ้าน พัฒนาทักษะสมองEF', 104, 6, 22, '6b_10.jpg', '2020-04-28', '\'ฉลาดรู้ดูแลตนเองในบ้าน\'\r\nหนังสือเด็กที่จะช่วยฝึกให้เด็กๆดูแลตนเองได้\r\nมีความรับผิดชอบและระเบียบวินัย\r\nเพื่อให้เด็กๆปฏิบัติตนในชีวิตประจำวัน\r\nได้อย่างถูกต้องเหมาะสม\r\nและเติบโตขึ้นอย่างมีคุณภาพ', 39),
('9786168056332', 'เดินทางไป ให้หัวใจนำปลายเท้า', 280.25, 4, 98, '4b_27.jpg', '2020-04-22', 'หนังสือเล่มนี้ เกิดจากแรงบันดาลใจของผู้ชายธรรมดาที่หลงใหลการเดินทางเป็นชีวิตจิตใจ \'พลภัทร เกตุแก้ว\' เจ้าของเพจ \'ไปแล้วมาเล่า\' ซึ่งอยากจะแบ่งปันประสบการณ์การผจญภัยในต่างแดน ทั้ง 8 ประเทศ โดยมาบอกเล่าในสไตล์ของตัวเอง แบบไม่ได้ประดิษฐ์ภาษาให้สวยหรู เพราะแต่ละถ้อยคำ แต่ละเรื่องราว แต่ละความรู้สึก ได้พรั่งพรูออกมาจากใจในทุกเหตุการณ์ที่เขาประสบ ซึ่งมีทั้งสีสัน เสียหัวเราะ ความสนุก ไปจนถึงความตื่นเต้นและความท้าทายในการเดินทาง ผู้อ่านจะรู้สึกเหมือนได้ร่วมเดินทางไปกับผู้เขียนก็ไม่ปาน ทั้งหมดทั้งมวลเพื่อเป็นแรงบันดาลใจให้คนที่ไม่เคยเดินทางไกล จะได้มีข้อมูลเบื้องต้น และกล้าออกไปใชัชีวิตตามความฝันของตัวเอง', 145),
('9786168068526', 'ใช้เวลาว่าง 10 นาทีช่วยให้คะแนนดีเหลือเชื่อ', 160.65, 3, 36, '3b_11.jpg', '2020-04-18', 'สูญเสียไปเท่าไหร่กับคำว่าอ่านหนังสือไม่ทันมาตามหาเวลาที่หายไป ด้วยการแบ่งเวลาให้เป็น', 69),
('9786168087831', 'องศาสีน้ำเงิน', 279.65, 2, 47, '2b_17.jpg', '2020-03-10', 'เมื่อน้ำเงินหนุ่มน้อยสุดน่ารักของเราที่แอบรักองศา ตั้งแต่ได้สบตาและตกหลุมรักพี่เขาเมื่อสองปีก่อน แล้วน้องน้ำเงินจะรุกจีบเพื่อองศาไหม', 85),
('9786168102268', 'ถอดรหัสการขาย ใน สมองมนุษย์ NeuroSelling', 220, 5, 52, '5b_13.jpg', '2020-04-17', 'คุณเคยสงสัยมั้ยครับ ว่าเพราะอะไรถึงเป็นแบบนี้ อะไรที่ทำให้เรามีพฤติกรรมการตัดสินใจซื้อแบบนี้', 91),
('9786168109182', 'อยากสำเร็จต้องโฟกัสด้วยแนวคิด OKR', 218.5, 5, 75, '5b_23.jpg', '2020-04-14', 'วิธีไปสู่เป้าหมายที่ยิ่งใหญ่สไตล์ซิลิคอนวัลเลย์ แค่สามเดือนคุณและทีมงานจะเปลี่ยนไปเป็นคนละคนแนวคิดบริหารรุ่นใหม่จาอ Google Intel Facebook', 123),
('9786168158715', 'วิถีแห่งแจ็ก หม่า', 375.25, 3, 73, '3b_23.jpg', '2020-04-08', 'ฟังแจ็ก หม่า พูดถึงชีวิตของการทำธุรกิจ และเส้นทางการดูแลกิจการของเจ้าพ่ออินเทอร์เน็ตจีนคนนี้แบบใกล้ชิด', 121),
('9786168175033', 'DAS PARFUM น้ำหอม', 304, 2, 103, '2b_28.jpg', '2020-04-25', 'แห่งยุคสมัยที่มากไปด้วยอัจฉริยภาพและสิ่งอันน่าขยะแขยง เรื่องราวของบุรุษผู้นี้ควรค่าแก่การนำมาเล่าขาน เขามีชื่อว่า ฌอง บับติส เกรอนุย', 151),
('9786168210024', 'เที่ยวตามใจชอบ สิงคโปร์', 299.25, 4, 106, '4b_30.jpg', '2020-02-02', '\'เที่ยวตามใจชอบ สิงคโปร์\' เล่มนี้ ได้รวบรวมข้อมูลน่ารู้ สำหรับการไปเที่ยวประเทศสิงคโปร์เอาไว้อย่างครบถ้วน ไม่ว่าจะเป็น สถานที่สำคัญและสถานที่เที่ยวห้ามพลาด ร้านอาหารดัง เมนูแนะนำ แหล่งช้อปปิ้งประจำเมือง ที่พักน่าสนใจ รวมทั้งข้อมูลเบื้องต้นสำหรับการเตรียมพร้อมก่อนเดินทาง ในแบบที่ผู้อ่านที่รักการเดินทางท่องเที่ยว สามารถวางแผนเที่ยว กิน ช้อป ได้ตามใจชอบ นอกจากนี้ในเล่มยังมีแผนที่เล็กทุกเมือง และยังมีแผนที่แผ่นใหญ่พิมพ์สี่สี เพื่อให้ง่ายต่อการนำไปใช้งานจริง', 159),
('9786168210062', 'เที่ยวตามใจชอบ เกาหลี โซล และเมืองโดยรอบ Korea : Seoul & Around', 310.25, 4, 34, '4b_12.jpg', '2020-04-26', 'พกไกด์บุ๊กเล่มเดียว เที่ยวตาใจชอบ จัดเต็มสถานที่เที่ยวห้ามพลาด รวมสุดยอดร้านอาหารเลิศรส สารพัดแหล่งช้อปปิงยอดนิยม', 64),
('9786168216224', 'ศิษย์ข้าอย่าทำกับอาจารย์เจ้าเช่นนี้', 341, 2, 78, '2b_24.jpg', '2020-04-23', 'เขาต้องรับมือกับความสัมพันธ์แปลกๆ ที่บ้างครั้งก็ดูเหมือนจะเกินเลยสถานะศิษย์อาจารย์ไปโข', 125),
('9786168218181', 'บ้านผูกคอ', 160, 2, 50, '2b_20.jpg', '2020-03-25', 'บ้านผูกคอ เรื่องราวจริง! ของบ้าน 8 หลัง ที่จะทำให้คุณต้องขนหัวลุก\r\n\r\nหลอนสุดขั้วหัวใจ...เมื่อที่อยู่อาศัยกลับกลายเป็นสถานที่สุดสยอง!\r\n\r\n. . . . . . . . . . . . . . . . . . . . .\r\n\r\nบ้านสี่ศพ เมื่อรักที่ถูกทรยศต้องจบลงด้วยความตาย\r\n\r\nใครทำอะไรไว้...กูจะลากพวกมันไปชดใช้กรรมในนรก!\r\n\r\nบ้านเรือนหอร้าง เรือนหอที่ควรเป็นสถานที่แห่งความสุข\r\n\r\nกลับมีแต่ความทุกข์และโศกนาฏกรรม\r\n\r\nบ้านสยองร้อยปี บ้านเช่าแสนถูก...อาจมาพร้อมกับผีผูกคอ\r\n\r\nใครยังกล้าเช่าบ้านต่อ...ระวังจะไม่ได้ตายดี!\r\n\r\nบ้านผีชวนผูกคอ ก๊อก ๆ ๆ มาเร็ว ๆ มาไว ๆ\r\n\r\nรีบ ๆ มาผูกคอตาย อั๊วกำลังรอทุกคนอยู่!\r\n\r\nบ้านสยองของน้าสาว ศาสตร์แห่งมนต์ดำ จะนำพาความฉิบหายมาให้\r\n\r\nคนบาปมันต้องตาย...ตกนรกหมกไหม้ไปด้วยกัน!\r\n\r\nบ้านโหดผีโคตรดุ กูเตือนแล้วไม่ฟัง..ระวังจะเจอดี!\r\n\r\nสอดรู้สอดเห็นไม่เข้าที่...ระวังเจอผีมาบีบคอ!\r\n\r\nบ้านอาถรรพ์ฮวงจุ้ย ซื้อบ้านเชื่อหมอดูฮวงจุ้ย\r\n\r\nระวังจะได้ ‘ฮวงซุ้ย’ มาแทน!\r\n\r\nบ้านสุดท้ายที่ปลายซอย ‘บ้านรัก’ จะกลายเป็น ‘บ้านร้าง’\r\n\r\n‘บ้านหลังสุดท้าย’ จะกลายเป็น ‘บ้านแห่งความตาย!’', 88),
('9786168221372', 'โลกซึมเศร้า: lost connections', 383, 3, 2, '3b_2.png', '2020-03-24', 'ทุกวันนี้ภาวะซึมเศร้ากลายเป็นโรคแห่งยุคสมัย และเป็นปัญหาเรื้อรังในสังคมที่ดูเหมือนจะไม่มีตัวยาใดๆ ช่วยให้หายขาดได้ บางทีอาจถึงเวลาแล้วที่เราต้องหันมาค้นหาเมล็ดพันธุ์แห่งความเจ็บปวดที่ฝังรากลึก และทบทวนว่าที่ผ่านมา เรามัวแต่หาทางเยียวยา ‘โรค’ จนหลงลืม ‘โลก’ ไปใช่หรือไม่', 2),
('9786168252024', 'ชัญคนเดียว', 225.25, 2, 49, '2b_19.jpg', '2020-02-25', 'รอยสักสวยๆตรงต้นคอนั่นอีก“อือ” แต่นั่นแหละมันคงเป็นเพราะว่าเมาเขาเลยตอบกลับไปแบบนั้น', 87),
('9786169202387', 'เด็กชายกับดวงดาว', 90.25, 6, 82, '6b_24.jpg', '2020-04-07', 'เป็นนิทานที่ปลูกฝังการดำเนินชีวิตเพื่อการบรรลุเป้าหมาย การมีความมุ่งมั่น การไม่ยึดติด สร้างความตระหนักรู้ในคุณค่าที่แท้ของชีวิต  นิทานเรื่องนี้ยังนำไปสู่การฝึกอ่าน เขียน การทำความเข้าใจ การตีความ  หรือใช้กระตุ้นให้เด็กคิดเพื่อหาทางสู่การแก้ปัญหาเพื่อการดำเนินชีวิตอย่างมีเป้าหมายและมีความหมาย Problem Based Learning', 129),
('9786169254621', 'หนังสือ แค่มองให้เป็น ก็ได้คนเจ๋งๆ มาทำงานกับเรา', 215, 5, 16, '5b_9.jpg', '2020-03-12', 'สตีฟ จ็อบส์ อดีตซีอีโอในตำนานของแอปเปิล เจฟ เบโซส ผู้ก่อตั้งเว็บไซต์อเมซอนที่มียอดขายมากที่สุดในโลกและวอร์เรน บัฟเฟตต์ นักเล่นหุ้นระดับเซียน ทั้งสามคนทำธุรกิจกันคนละแบบ อยู่กันคนละวงการ แต่ทุกคนมีเคล็ดลับความสำเร็จเหมือนกันนั่นคือ \'การเลือกคนที่ดีที่สุดมาอยู่รอบกายคุณ!\'', 29),
('9786169258049', 'จิบกาแฟ แลไต้หวัน : Taiwan Cafe Guide', 335.5, 4, 81, '4b_24.jpg', '2020-04-02', '\'ได้หวัน\' ไม่เพียงแต่จะมีวิวทิวทัศน์ที่งดงาม อาหารอร่อย ผู้คนอัธยาศัยดี ศิลปะวัฒนธรรมอันดีงาม ที่ดึงดูดนักท่องเที่ยวแล้ว ในทุกตรอกซอกซอยของไต้หวันยังมี \'ร้านกาแฟ\' ทั่วทุกที่ ทั่วเมืองหอมฟุ้งไปด้วยกลิ่นกาแฟ เนื่องจากไต้หวันมีภูมิอากาศอันเหมาะแก่การเพาะปลูกเมล็ดกาแฟเป็นอย่างมาก อีกทั้งยังเคยเป็นแหล่งผลิตเมล็ดกาแฟที่ใหญ่ที่สุดในเอเชียตะวันออก ผ่านประวัติศาสตร์นานนับร้อยปี', 128),
('9786169258292', 'รู้มากไปทำไม...รู้ \"ใจ\" ก่อนดีกว่า', 237.5, 3, 91, '3b_26.jpg', '2020-04-16', 'ยิ่งรู้มาก ก็ยิ่งทุกข์มาก หากยังไม่รู้สิ่งที่อยู่ในหนังสือเล่มนี้...', 138),
('9786169283935', 'ทันทั่นขี้โกหก (นิทานสองภาษา)', 133, 6, 88, '6b_25.jpg', '2020-04-13', 'นิทานภาพสร้างเสริมลักษณะนิสัย เขียนโดยกุมารแพทย์พัฒนาการและพฤติกรรม เด็กมักโกหกเพราะ กลัวโดนลงโทษ แต่บางกรณีเด็กโกหกเพราะ ต้องการสิ่งๆ นั้น ดังนั้นหากจะแก้ปัญหาการโกหกของเด็กๆ ก็ต้องแก้ทั้งสาเหตุที่ทำให้ลูกโกหก และจัดการกับสิ่งที่เกิดขึ้นแล้ว เราสามารถ กระตุ้นให้ลูกมีแรงบันดาลใจจากนิทานเรื่อง ทันทั่นขึ้โกหก นี้', 135),
('9786169296928', 'โอกาสแห่งอนาคต เป็นของคนเข้าใจเศรษฐกิจเท่านั้น', 225, 5, 38, '5b_11.jpg', '2020-04-09', 'รวบตึงโอกาสทางธุรกิจผ่าน 35 เรื่องราวทางเศรษฐกิจในภาษาง่ายๆ', 89),
('9786169317364', 'เศรษฐกิจโลก 1,000 ปี', 350, 5, 14, '5b_3.jpg', '2020-03-22', 'ความรุ่งเรือง และ ความร่วงโรย ล้วนเป็นสิ่งที่เกิดขึ้นซ้ำแล้วซ้ำเล่าในประวัติศาสตร์มนุษย์ ราวกับวงจรประหลาดที่มักจะวนกลับมาที่จุดเริ่มต้นเสมอ ตลอดเวลา 1,000 ปีที่ผ่านมา อาณาจักรอันยิ่งใหญ่ บริษัท สิ่งประดิษฐ์มากมาย ล้วนเกิดขึ้น รุ่งเรือง และเข้าสู่ช่วงเวลาร่วงโรยในท้ายสุด อย่างไรก็ตาม.. ทุกอย่าง ต่างก็หลงเหลือร่องรอยแห่งภูมิปัญญาเอาไว้ กลายเป็นชิ้นส่วนสำคัญที่ค่อยๆ ปะติดปะต่อจนกลายเป็นความก้าวหน้าของมนุษย์ในยุคปัจจุบัน เรื่องราวที่น่าสนใจตลอดช่วงเวลาดังกล่าว หลอมรวมให้เกิดซีรีส์บทความชุดใหม่ของ \"ลงทุนแมน\" เพื่อสรุปให้เราได้เข้าใจว่าอะไรเกิดขึ้นบ้างใน 1,000 ปีที่ผ่านมา.. ขอต้อนรับสู่ \"เศรษฐกิจโลก 1,000 ปี\"', 23),
('9786169324508', 'พลังคำพูด POWER OF SPEECH', 227.5, 3, 97, '3b_27.jpg', '2020-04-22', 'เปิดหน้าชีวิตใหม่ปาฏิหาริย์พลังคำพูดทางลัดแห่งชีวิตคำพูดสร้างโลกคำพูดเปลี่ยนชีวิตคำพูดมีพลังทุกคำพูดที่คุณกลั่นออกมาจากหัวใจมันเป็นจริงเสมอ', 144),
('9786169338505', 'รอยทางและความทรงจำ Everest Base Camp', 282.25, 4, 74, '4b_23.jpg', '2020-04-27', 'ณ ความสูง 5,000 กว่าเมตร เหนือระดับน้ำทะเล มีรอยทางของผู้พิชิต ผู้ผิดหวัง และผู้สูญเสียประทับอยู่บนทางเดินเส้นนี้ เมื่อก้าวเดินก็ได้ทบทวนและตกผลึกบางเรื่องราวที่อยู่ในใจ ยิ่งเดินไป เป้าหมายที่รออยู่ยิ่งสั้นลงและชัดเจนขึ้น ดังนั้นทุกย่างก้าวมักจะฝากร่องรอยของจุดเริ่มต้นแรงผลักดัน ความหมาย และเรื่องราวของผู้เดินไว้ทั้งสิ้น เราเดินวันนี้ร่องรอยของเราก็ปรากฏและจารึกบนเส้นทางนั้นแล้ว บนทางเดินทุกเส้นทางจึงมีรอยทางของบุคคลผู้มาก่อนประทับไว้อยู่เสมอ', 122),
('9786169344353', 'จรดฟ้า', 320, 2, 48, '2b_18.jpg', '2020-03-22', 'ฟ้าครับ...พี่โฬมจีบนะครับ', 86),
('9786169354901', 'THE PROMISE KEEPER คนประสบความสำเร็จ คือ นักรักษาสัญญา', 212.5, 3, 41, '3b_17.jpg', '2020-04-13', 'จงเป็นนักรักษาสัญญาแล้วทุกความปรารถนาจะกลายเป็นความจริง', 75),
('9786566442434', 'เทียบชั้นฮาร์วาร์ด', 100, 3, 38, '3b_13.jpg', '2020-04-02', 'หลายท่านได้รู้จักและประทับใจกับหนังสือ “หลังกำแพงฮาร์วาร์ด” ที่ ศ.ดร.เกรียงศักดิ์ เจริญวงศ์ศักดิ์ เขียนไว้ถึงการเรียนการสอนอันน่าสนใจ และวัฒนธรรมทางการศึกษาของมหาวิทยาลัยแห่งนี้ที่ควรนำมาปรับประยุกต์ใช้กับมหาวิทยาลัยในประเทศไทย\r\nหนังสือ “เทียบชั้นฮาร์วาร์ด” นับได้ว่าเป็นภาคต่อที่ไม่เพียงเล่าประสบการณ์การเรียนการสอนอันน่าประทับใจเท่านั้น แต่ได้วิเคราะห์เจาะลึกถึงความสำเร็จของมหาวิทยาลัยแห่งนี้  นักศึกษา และคณาจารย์ในฮาร์วาร์ดว่าแต่ละความสำเร็จที่เกิดขึ้นนั้น ไม่สามารถมาจากเพียงส่วนใดส่วนหนึ่งของมหาวิทยาลัยได้ แต่ต้องเป็นทั้งหมดที่สอดคล้องกันทั้งบุคลากร ระบบ และบริบท ผู้เขียนยังอธิบาย เปรียบเทียบ และยกตัวอย่างทั้งตัวบุคคลและสถานการณ์ รวมทั้งเสนอแนวทางในการนำมาปรับประยุกต์ใช้กับมหาวิทยาลัยไทยได้อย่างน่าสนใจยิ่ง', 71),
('9789740462828', 'Aksara for kids นิทาน แล้วแม่จะยังรักผมมั้ยฮะ (EF)', 50, 6, 55, '6b_12.jpg', '2020-04-23', 'หมีน้อยอเล็กซ์ทำชามน้ำผึ้งใบโปรดของแม่แตก เขาไม่ได้ตั้งใจทำมันแตก แต่สิ่งที่หมีน้อยรู้คือ แม่จะต้องโกรธแน่ๆ แม่จะโกรธจนเลิกรักเขาหรือเปล่านะ หมีอเล็กซ์สงสัย \'แม่จะรักผมเมื่อผมเป็นเด็กดีเท่านั้นใช่มั้ยฮะ\' หมีน้อยถามแม่ของเขา\r\n\'แม่รักลูกเสมอจ๊ะ ไม่ว่าลูกจะเป็นยังไง\' แม่ตอบ\r\nแต่หมีน้อยก็ยังคงกังวลใจที่จะสารภาพความจริงกับแม่ แขาจะแก้ปัญหานี้ยังไงดีนะ', 100),
('9789741647286', 'ผจญภัยบนบอลลูน เล่ม 5 การ์ตูนวิทยาศาสตร์แสนสนุกช่วยให้เด็กฉลาด', 132, 1, 21, '1b_19.jpg', '2020-04-12', 'การเดินทางครั้งนี้ มอนตะได้เรียนรู้สิ่งต่างๆ มากมาย เช่น ส่วนประกอบและเทคนิคการควบคุมบอลลูน รวมถึงวิทยาศาสตร์ที่เกี่ยวข้องกับบอลลูน', 58),
('9789743159893', 'พลัง ชีวิต และความฝัน เรื่องเล่าจากห้องบำบัด', 247, 3, 4, '3b_8.jpg', '2020-03-25', 'หนังสือที่จะพาผู้อ่านเข้าไปค้นหาความหมายของชีวิตและการดำรงอยู่ของชีวิตผ่าน 10 เรื่องราวของผู้รับการเยียวยาบำบัด ดร.ยาลอม เขียนหนังสือเล่มนี้ขึ้น ประหนึ่งบทกวีที่ย้อนทำความเข้าใจก้นบึ้งทางจิตใจของผู้รับการบำบัดเยียวยาแต่ละรายถ้อยความที่ร้อยเรียงถักทอขึ้นอย่างละเมียดละไมทำให้เราได้หวนระลึก ทบทวนถึง \'พลัง ชีวิต และความฝัน\' ทั้งในอดีต ปัจจุบัน และอนาคต', 8),
('9789744144508', 'คัมภีร์การเจรจาต่อรอง จากมหาวิทยาลัยฮาร์วาร์ด (HBR GUIDE TO NEGOTIATING)', 204, 5, 15, '5b_4.jpg', '2020-03-25', 'คุณรู้สึกว่าการเจรจาต่อรอง เป็นเรื่องที่น่าลำบากใจหรือไม่? ไม่ว่าคุณกำลังเจรจาข้อตกลงพันล้านหรือแค่ขอขึ้นเงินเดือน การเจรจาอาจเต็มไปด้วยความตึงเครียดที่ต้องมีผู้ชนะและผู้แพ้ คู่มือเล่มนี้มีแนวทางที่ดีกว่าในการค้นหาทางออกที่ทุกฝ่าย คือผู้ชนะ ด้วยเคล็ดลับและวิธีการจะเปลี่ยนเกมแห่งการต่อรองเป็นเกมแห่งความร่วมมือ', 24),
('9819819811598', 'วะบิ-ซะบิ', 298, 3, 4, '3b_4.jpg', '2020-03-08', 'วะบิ-ซะบิ ดำรงอยู่ ณ ชั่วขณะของการถือกำเนิดและการโรยรา วะบิ-ซะบิ ไม่ได้เผยตนในดอกไม้อันสวยสุด ต้นไม้ที่แผ่กิ่งก้านใหญ่โต หรือภูมิทัศน์น่าตะลึงใจหากแต่ปรากฏอยู่ในสิ่งซึ่งเป็นรองและซุกซ่อนตน ยังไม่สมบูรณ์และดำรงอยู่เพียงชั่วคราวเป็นสิ่งที่ไม่แจ่มชัดและพร้อมจะจางหายไปซึ่งสายตาฉาบฉวยมักจะมองไม่เห็น', 4),
('987987987458', 'A GUIDE TO BEHAVING BETTER ทุกพฤติกรรมมีความเสี่ยง โปรดอย่าลำเอียงก่อนตัดสินใจ', 175, 3, 3, '3b_6.jpg', '2020-03-13', '\'ณัฐวุฒิ เผ่าทวี\' ชวนทำความเข้าใจที่มาของพฤติกรรม และรู้เท่าทันความคิดที่โอนเอียง เพื่อนำตัวเองออกจากความเสี่ยง และตัดสินใจอย่างเฉียบคม ผ่านการสำรวจว่า ทำไมการเปลี่ยนใจกลับมาชอบคนที่เกลียดตั้งแต่แรกพบถึงเป็นเรื่องยาก ทำไมเราถึงตัดสินความผิดของคนอื่นได้ง่ายๆ แต่กลับมีเหตุผลในการทำผิดให้กับตัวเองเสมอ ทำไมข่าวจริงถึงเอาชนะข่าวปลอมไม่ได้ และทั้งๆ ที่รู้ว่าไม่มีประโยชน์ แต่ทำไมเราถึงอยากรู้เหตุผลที่คนรักบอกเลิก? #salmonbooks', 6);

-- --------------------------------------------------------

--
-- Table structure for table `cart`
--

CREATE TABLE `cart` (
  `mem_id` int(11) NOT NULL,
  `isbn` varchar(13) NOT NULL
) ENGINE=InnoDB DEFAULT CHARSET=utf8mb4;

--
-- Dumping data for table `cart`
--

INSERT INTO `cart` (`mem_id`, `isbn`) VALUES
(6, '9786160427178'),
(6, '9786164480162'),
(6, '9786167982434'),
(9, '9786169258049'),
(9, '9819819811598'),
(10, '9786162047398'),
(10, '9786167894256'),
(12, '1010200218548'),
(12, '9786160424641'),
(15, '9786161403089'),
(15, '9786161808075'),
(15, '9786162047497'),
(18, '9786167894225'),
(19, '9786161829063'),
(19, '9786164480162'),
(19, '9786167832388'),
(20, '9786162984051'),
(20, '9786163376190'),
(23, '9781788109956'),
(23, '9786167422756'),
(24, '9786163372802'),
(24, '9786163375551'),
(24, '9786163375865'),
(24, '9786163376190'),
(27, '9781155124956'),
(27, '9781744449956'),
(27, '9786164620070'),
(30, '9786163123886'),
(30, '9786164480162'),
(32, '9786161403157'),
(32, '9786162984600'),
(32, '9786164640511'),
(33, '1010200218548'),
(33, '9786162870699'),
(33, '9786163376589'),
(33, '9786164090040'),
(35, '9786163376589'),
(35, '9786164090040'),
(35, '9786167942544'),
(37, '9786163376176'),
(37, '9786167477480'),
(37, '9786167477541'),
(40, '9786160619863'),
(40, '9786163376145'),
(40, '9786164730953'),
(44, '9786164576698'),
(44, '9786164620070'),
(44, '9786165600101'),
(53, '9786167290980'),
(53, '9786167290997'),
(54, '9781732324956'),
(54, '9786160423217'),
(55, '9786164416413'),
(55, '9786164710023'),
(57, '9786162047497'),
(57, '9786164415454'),
(59, '9786163123886'),
(59, '9786164972858'),
(59, '9786169344353'),
(60, '9786162323236'),
(60, '9786167890555'),
(61, '9786162046797'),
(61, '9786168210024'),
(66, '9786160425471'),
(66, '9786164672826'),
(66, '9786167411224'),
(68, '9786162873423'),
(68, '9786164672765'),
(68, '9786167832388'),
(69, '9786160444991'),
(69, '9786161403089'),
(69, '9786161403157'),
(70, '9786163376145'),
(70, '9786163376190'),
(72, '9786163900760'),
(72, '9786164854116'),
(73, '9786163376145'),
(73, '9786163376589'),
(73, '9786167484297'),
(75, '9786164576698'),
(75, '9786168087831'),
(77, '9786164744356'),
(77, '9789741647286'),
(79, '9786168158715'),
(80, '9786164301696'),
(80, '9786164302143'),
(85, '9786168216224'),
(89, '9786160447848'),
(89, '9786162851506'),
(89, '9786164302136'),
(90, '9786164710009'),
(90, '9786167936840'),
(91, '9786167894256'),
(95, '9786164960121'),
(96, '9785577855614'),
(96, '9786161829063'),
(96, '9786164416659'),
(96, '9786167422756'),
(99, '9786160039098'),
(99, '9786165600101');

-- --------------------------------------------------------

--
-- Table structure for table `catagory`
--

CREATE TABLE `catagory` (
  `catagory_id` int(11) NOT NULL,
  `cata_name` varchar(100) NOT NULL
) ENGINE=InnoDB DEFAULT CHARSET=utf8mb4;

--
-- Dumping data for table `catagory`
--

INSERT INTO `catagory` (`catagory_id`, `cata_name`) VALUES
(1, 'การ์ตูน'),
(2, 'นิยาย'),
(3, 'จิตวิทยา'),
(4, 'ท่องเที่ยว'),
(5, 'ธุรกิจ'),
(6, 'หนังสือเด็ก');

-- --------------------------------------------------------

--
-- Table structure for table `member`
--

CREATE TABLE `member` (
  `mem_id` int(11) NOT NULL,
  `fname` varchar(50) NOT NULL,
  `lname` varchar(50) NOT NULL,
  `email` varchar(50) NOT NULL,
  `username` varchar(20) NOT NULL,
  `passw` varchar(100) NOT NULL,
  `pic` varchar(50) DEFAULT NULL
) ENGINE=InnoDB DEFAULT CHARSET=utf8mb4;

--
-- Dumping data for table `member`
--

INSERT INTO `member` (`mem_id`, `fname`, `lname`, `email`, `username`, `passw`, `pic`) VALUES
(1, 'นิดา', 'รุทธพิชัยรักษ์', 'jnnn@gmail.com', 'toey', '827ccb0eea8a706c4c34a16891f84e7b', 'img_5eaef455c36dd.png'),
(3, 'Daniel', 'Kang', 'kdn@gmail.com', 'tt', 'e10adc3949ba59abbe56e057f20f883e', 'img_5eb0fa72ab84a.jpg'),
(4, 'สุพิชฌาย์', 'ไทยทองหลาง', 'spcha@gmail.com', 'ploy', '236f119f58f5fd102c5a2ca609fdcbd8', NULL),
(5, 'แทฮยอง', 'คิม', 'v@gmail.com', 'tae', '5a01f0597ac4bdf35c24846734ee9a76', NULL),
(6, 'จองกุก', 'จอน', 'jk@gmail.com', 'jk', 'bbe9047444895de971dcc65fe7f9504f', NULL),
(7, 'จีมิน', 'พัค', 'jimin@gmail.com', 'jimin', '535ab76633d94208236a2e829ea6d888', NULL),
(8, 'ซอกจิน', 'คิม', 'jin@hotmail.com', 'jin', '69a829ce4f4e0d631ca634a866590a60', NULL),
(9, 'ยุนกิ', 'มิน', 'suga@gmail.com', 'suga', 'a35473cf94d983e392c83b24d265f3c1', NULL),
(10, 'โฮซอก', 'จอง', 'jhope@hotmail.com', 'jhope', 'dc40b7120e77741d191c0d2b82cea7be', NULL),
(11, 'นัมจุน', 'คิม', 'rm@gmail.com', 'rm', '7e7e69ea3384874304911625ac34321c', NULL),
(12, 'ฮยอนซอก', 'ชเว', 'hysk@gmail.com', 'suk', 'e7e23670481ac78b3c4122a99ba60573', NULL),
(13, 'ทัชชา', 'พูนซับ', 'tcha@hotmail.com', 'cha', '717d8b3d60d9eea997b35b02b6a4e867', NULL),
(14, 'อีซอ', 'โจ', 'jes@gmail.com', 'seo', 'b59c67bf196a4758191e42f76670ceba', NULL),
(15, 'โบรา', 'แฮ', 'purple@gmail.com', 'bora', 'd79c8788088c2193f0244d8f1f36d2db', NULL),
(16, 'เปมิกา', 'ดวงดี', 'mild@gmail.com', 'mild', '3b92d18aa7a6176dd37d372bc2f1eb71', NULL),
(17, 'ภูรี', 'ก้องเมธี', 'rit@hotmail.com', 'rit', 'de7f47e09c8e05e6021ababdf6bc58e7', 'img_5eba7a5e7eca8.png'),
(18, 'ทอย', 'สตอรี่', 'toy@gmail.com', 'toy', 'f24ad6f72d6cc4cb51464f2b29ab69d3', NULL),
(19, 'ซึลกิ', 'คัง', 'hi.sg@gmail.com', 'seulgi', 'fba9d88164f3e2d9109ee770223212a0', NULL),
(20, 'จงอิน', 'คิม', 'kai@hotmail.com', 'kai', '9701a1c165dd9420816bfec5edd6c2b1', NULL),
(21, 'แทอิล', 'มุน', 'taeil@gmail.com', 'taeil', 'b7087c1f4f89e63af8d46f3b20271153', NULL),
(22, 'ยูแท', 'จุง', 'yuta@hotmail.com', 'yuta', '663772ea088360f95bac3dc7ffb841be', NULL),
(23, 'ชิตพล', 'ลี้ชัยพรกุล', 'ten10@gmail.com', 'ten', '1e48c4420b7073bc11916c6c1de226bb', NULL),
(24, 'มาร์ค', 'ลี', 'marklee@gmail.com', 'mark', 'a9dd14d824822d6d78d0fe3e55dbd7fb', NULL),
(25, 'เจโน่', 'อี', 'jeno@gmail.com', 'jeno', 'e6c2dc3dee4a51dcec3a876aa2339a78', NULL),
(26, 'แจมิน', 'นา', 'jaemin@hotmail.com', 'jm', 'a0872cc5b5ca4cc25076f3d868e1bdf8', NULL),
(27, 'จินรัก', 'จง', 'chenle@hotmail.com', 'chenle', '3323fe11e9595c09af38fe67567a9394', NULL),
(28, 'จีซอง', 'พัค', 'jisung@gmail.com', 'gsung', '1da785ade1299722ea5094d2ff0c4dbe', NULL),
(29, 'โดยอง', 'คิม', 'doyoung@gmail.com', 'dy', 'd81b9ce93c866abb7f0feb747d88868c', NULL),
(30, 'แจฮยอน', 'จอง', 'jhy@gmail.com', 'jae', '28fc2782ea7ef51c1104ccf7b9bea13d', NULL),
(31, 'ยองโฮ', 'ซอ', 'johnny@hotmail.com', 'john', '03ea4d43a86178ae37a3399b532b2a44', NULL),
(32, 'ซูจอง', 'จอง', 'krystal@gmail.com', 'krystal', 'a6ea8471c120fe8cc35a2954c9b9c595', NULL),
(33, 'Harry', 'Potter', 'hjpt@gmail.com', 'harry', '1cfead9959b76ce44a847c850b61c587', NULL),
(34, 'Hermione', 'Granger', 'hermione@hotmail.com', 'mione', '8c8a58fa97c205ff222de3685497742c', NULL),
(35, 'Ronald', 'Weasley', 'ronwl@gmail.com', 'ron', 'c3614206a443012045cfd75d2600af2d', NULL),
(36, 'Draco', 'Malfoy', 'draco@gmail.com', 'draco', 'adeb12111c95807557664efbf3b746ae', NULL),
(37, 'Luna', 'Lovegood', 'lunaluv@hotmail.com', 'luna', '996009f2374006606f4c0b0fda878af1', NULL),
(38, 'Tony', 'Stark', 'ironman@hotmail.com', 'tony', '5e76bef6e019b2541ff53db39f407a98', NULL),
(39, 'Thor', 'Avengers', 'thor@hotmail.aom', 'thor', '2131f8ecf18db66a758f718dc729e00e', NULL),
(40, 'Bruce', 'Banner', 'thehulk@gmail.com', 'hulk', 'bdd8817990ef209f0fb6b049f2d2ea0c', NULL),
(41, 'Natasha', 'Romanoff', 'natasha@gmail.com', 'Widow', 'f52c3cbf371351206c419e50ce29c802', NULL),
(42, 'Nick', 'Fury', 'nick@hotmail.com', 'nick', '8289889263db4a40463e3f358bb7c7a1', NULL),
(43, 'Loki', 'Avengers', 'loki@gmail.com', 'loki', '299a23a2291e2126b91d54f3601ec162', NULL),
(44, 'Clint', 'Barton', 'clint@hotmail.com', 'clint', 'b645e524a1512ce68947d3b9c948aa46', NULL),
(45, 'Steve', 'Rogers', 'captain@hotmail.com', 'Captain', '5e751896e527c862bf67251a474b3819', NULL),
(46, 'Scarlet', 'Witch', 'scarlet@gmail.com', 'Wanda', '1eb590c1259ff05809830227e2b7e782', NULL),
(47, 'Black', 'Panther', 'black@hotmail.con', 'panther', 'fc1dc4549df0335d7f506edb5d66af16', NULL),
(48, 'SpiderMan', 'Avengers', 'spiderman@gmail.com', 'spider', 'd759175de8ea5b1d9a2660e45554894f', NULL),
(49, 'StarLord', 'Avengers', 'lord@gmail.com', 'lord', 'a2eda25e9bd2d4a4a1a182cb4d59c16a', NULL),
(50, 'Groot', 'Avengers', 'groot@gmail.com', 'groot', '07f75d9144912970de5a09f5a305e10c', NULL),
(51, 'Rocket', 'Avengers', 'rocket@hotmail.com', 'rocket', '5aaffbae8a48fc24f114ee4dcd9c6171', NULL),
(52, 'Drax', 'Avengers', 'drax@gmail.com', 'drax', '536a76f94cf7535158f66cfbd4b113b6', NULL),
(53, 'นิชา', 'วริศกุล', 'nicha@gmail.com', 'nicha', '0d73a25092e5c1c9769a9f3255caa65a', NULL),
(54, 'มาริษา', 'ธนาโชติ', 'marisa@gmail.com', 'fah', 'ebb71045453f38676c40deb9864f811d', NULL),
(55, 'ไอริณ', 'วาณิชสกุล', 'irene@gmail.com', 'irene', 'f7d63bbdc0fda6d3c6ae9c061a86910d', NULL),
(56, 'ดาริสา', 'เจริญกิจ', 'darisa@hotmail.com', 'dada', '92f54963fc39a9d87c2253186808ea61', NULL),
(57, 'เธียร', 'วัชรโยธิน', 'tien@gmail.com', 'tien', '7ffd85d93a3e4de5c490d304ccd9f864', NULL),
(58, 'ชมพู', 'วรกิตไพศาล', 'pink@gmail.com', 'pink', '84f7b02a8128f5f5775611244c24b941', NULL),
(59, 'มินนี่', 'คิม', 'minnie@gmail.com', 'minnie', 'b5b03f06271f8917685d14cea7c6c50a', NULL),
(60, 'ชญานัท', 'เกียรติพงษ์', 'nut@hotmail.com', 'nut', '087c8abfaee44ebbf0c2871976a2ab18', NULL),
(61, 'รณพีร์', 'ศิริภากรณ์', 'pea@gmail.com', 'pea', '9597353e41e6957b5e7aa79214fcb256', NULL),
(62, 'มานะ', 'อดทน', 'mana@hotmail.com', 'mana', '5caf41d62364d5b41a893adc1a9dd5d4', NULL),
(63, 'ฮินะ', 'จัง', 'hinajang@gmail.com', 'hina', 'aace49c7d80767cffec0e513ae886df0', NULL),
(64, 'ธารา', 'ภูมิเดช', 'tara@hotmail.com', 'tara', 'bd430257087f92e5322919c84dc99f32', NULL),
(65, 'Thomas', 'Brown', 'b.thomas@gmail.com', 'thomas', '9407c826d8e3c07ad37cb2d13d1cb641', NULL),
(66, 'Lily', 'Evans', 'lily@gmail.com', 'lily', '7180cffd6a8e829dacfc2a31b3f72ece', NULL),
(67, 'Jack', 'Roy', 'jackroy@hotmail.com', 'jack', '0771fc6f0f4b1d7d1bb73bbbe14e0e31', NULL),
(68, 'David', 'Smith', 'david@gmail.com', 'david', '1b36ea1c9b7a1c3ad668b8bb5df7963f', NULL),
(69, 'Joe', 'Evans', 'joe@gmail.com', 'joe', '8d420fa35754d1f1c19969c88780314d', NULL),
(70, 'Tracy', 'Roberts', 'tracy@gmail.com', 'tracy', 'a7968b4339a1b85b7dbdb362dc44f9c4', NULL),
(71, 'จันทรา', 'ศรีเลือง', 'monday@hotmail.com', 'mon', '81374713d991042a0e18865aa693cc24', NULL),
(72, 'อังอัง', 'ศรีโชมภู', 'tuesday@hotmail.com', 'tue', 'd57898ab11a6d2f16bd8c67a2533ae98', NULL),
(73, 'มัชฉะ', 'ซีเคียว', 'wednesday@gmail.com', 'wed', '8975ca870012be158efd8c5824b3eb7c', NULL),
(74, 'พฤหัสระบ่ดี', 'ศรีโสม', 'thursday@gmail.com', 'thu', '5359c847ef4975cdc646e8be8cb5621f', NULL),
(75, 'เฟรนฟราย', 'ไม่บูลลี่', 'friday@hotmail.com', 'blue', 'c295dbad8e8dcfe43607b06df0ac3f32', NULL),
(76, 'เสาไฟ', 'พันม่วง', 'saturday@gmail.com', 'sat', 'a1d2e644cf5204646a9e4be041fc53a3', NULL),
(77, 'ซันนี่', 'เรดดิช', 'sunny@hotmail.com', 'sun', '5968996e0aca329cf3218086223f8308', NULL),
(78, 'โปเต้', 'เกลียวทอง', 'potato@gmail.com', 'potato', '0f0ee3310223fe38a989b2c818709393', NULL),
(79, 'ทะเลย์', 'บางกอบ', 'lay@hotmail.com', 'lay', '25db67c5657914454081c6a18e93d6dd', NULL),
(80, 'พูสยาม', 'เค็มคน', 'pooh@gmail.com', 'pooh', 'a18ad9f9bcd4e260979d102a260fc262', NULL),
(81, 'แจ็คกี้', 'คู่เขือ', 'jacky@gmail.com', 'jacky', '2cfd4560539f887a5e420412b370b361', NULL),
(82, 'ทาโร่', 'ปราเสน', 'taro@hotmail.com', 'taro', '05d8cccb5f47e5072f0a05b5f514941a', NULL),
(83, 'ตูมตาม', 'โภชนา', 'tam@gmail.com', 'tam', 'd04863f100d59b3eb688a11f95b0ae60', NULL),
(84, 'คอนเนะ', 'ซามูไร', 'corn@hotmail.com', 'corn', '24f0d2c90473b2bc949ad962e61d9bcb', NULL),
(85, 'ฮานา', 'มินะ', 'hanami@gmail.com', 'hana', '5055cbf43fac3f7e2336b27310f0b9ef', NULL),
(86, 'ยูโร่', 'คัสตาร์ด', 'cake@gmail.com', 'cake', '3b24156ad560a696116454056bc88ab4', NULL),
(87, 'ตะวัน', 'ส่องแสง', 'tawan@hotmail.com', 'tawan', 'cf79ae6addba60ad018347359bd144d2', NULL),
(88, 'โดโซะ', 'กุรุเมะ', 'dozo@gmail.com', 'dozo', '25db67c5657914454081c6a18e93d6dd', NULL),
(89, 'ปาร์ตี้', 'คาราเมล', 'party@hotmail.com', 'party', '36e51f22c86d237a5bb2e3451f8a7072', NULL),
(90, 'โคโคริ', 'บอล', 'ball@gmail.com', 'ball', '05b8caaf6ba6f4bdb68675ab8b893bda', NULL),
(91, 'rose', 'White', 'rose@hotmail.com', 'rose', '234e5dc39dc52740524f9d863bec963c', NULL),
(92, 'bell', 'Smith', 'bell@gmail.com', 'bell', '778609db5dc7e1a8315717a9cdd8fd6f', NULL),
(93, 'cherry', 'Evans', 'cherry@gmail.com', 'cher', '19a6a0b9360519fe82b5b06b3f79d62c', NULL),
(94, 'cooky', 'monster', 'cooky@gmail.com', 'cooky', 'ba347fcc9a79fb74e95670b24848164f', NULL),
(95, 'bert', 'sst', 'bert@gmail.com', 'bert', '923e325e16617477e457f6a468a2d6df', NULL),
(96, 'oscar', 'sst', 'oscar@gmail.com', 'oscar', 'e19347e1c3ca0c0b97de5fb3b690855a', NULL),
(97, 'brnie', 'sst', 'brnie@gmail.com', 'brnie', 'cd3afef9b8b89558cd56638c3631868a', NULL),
(98, 'bigbird', 'sst', 'bigbird@gmail.com', 'bb', '9064013db48280cd41018d0e19791d48', NULL),
(99, 'grover', 'sst', 'grover@gmail.com', 'grove', '076ccd93ad68be51f23707988e934906', NULL),
(100, 'abby', 'sst', 'abby@gmail.com', 'abby', 'cb59b747f88a35e0d452377f60f7c25f', NULL),
(101, 'elmo', 'sesamestreet', 'emsst@gmail.com', 'elmo', '9996535e07258a7bbfd8b132435c5962', 'img_5ebb9160bb015.png'),
(102, 'ปราณี', 'ชัยสา', 'parn@gmail.com', 'parn', 'f56d8183992b6c54c92c16a8519a6e2b', NULL);

-- --------------------------------------------------------

--
-- Table structure for table `memorder`
--

CREATE TABLE `memorder` (
  `order_id` int(11) NOT NULL,
  `amount` int(11) NOT NULL,
  `totalprice` float NOT NULL,
  `order_date` date NOT NULL,
  `mem_id` int(11) NOT NULL
) ENGINE=InnoDB DEFAULT CHARSET=utf8mb4;

--
-- Dumping data for table `memorder`
--

INSERT INTO `memorder` (`order_id`, `amount`, `totalprice`, `order_date`, `mem_id`) VALUES
(5, 1, 75, '2020-05-07', 3),
(10, 3, 630, '2020-05-07', 1),
(11, 1, 217.6, '2020-05-12', 4),
(12, 5, 1306.25, '2020-05-13', 5),
(13, 5, 634, '2020-05-13', 101),
(14, 1, 273, '2020-05-13', 55),
(15, 1, 230, '2020-05-13', 67),
(16, 1, 170, '2020-05-13', 24),
(17, 1, 228.65, '2020-05-13', 33),
(18, 1, 237.5, '2020-05-13', 32),
(19, 1, 306, '2020-05-13', 59),
(20, 1, 84, '2020-05-13', 62),
(21, 1, 203.15, '2020-05-13', 100),
(22, 1, 139, '2020-05-13', 8),
(23, 1, 218.5, '2020-05-13', 14),
(24, 1, 221, '2020-05-13', 19),
(25, 1, 152, '2020-05-13', 12),
(26, 1, 75, '2020-05-13', 45),
(27, 1, 166.25, '2020-05-13', 39),
(28, 1, 280.25, '2020-05-13', 40),
(29, 1, 148, '2020-05-13', 28),
(30, 1, 230, '2020-05-13', 35),
(32, 1, 272, '2020-05-13', 29),
(33, 1, 280.25, '2020-05-13', 23),
(34, 1, 147.25, '2020-05-13', 84),
(35, 1, 118.4, '2020-05-13', 86),
(36, 1, 370.5, '2020-05-13', 48),
(37, 1, 247, '2020-05-13', 90),
(38, 1, 92, '2020-05-13', 94),
(39, 1, 373.5, '2020-05-13', 96),
(40, 1, 364.65, '2020-05-13', 91),
(41, 1, 132, '2020-05-13', 98),
(42, 1, 75, '2020-05-13', 6),
(43, 1, 320, '2020-05-13', 13),
(44, 1, 185, '2020-05-13', 75),
(45, 1, 223.25, '2020-05-13', 79),
(46, 1, 132, '2020-05-13', 71),
(47, 1, 137.75, '2020-05-13', 89),
(48, 1, 279.65, '2020-05-13', 76),
(49, 1, 217.5, '2020-05-13', 66),
(50, 1, 110, '2020-05-13', 63),
(51, 1, 139, '2020-05-13', 70),
(52, 1, 140, '2020-05-13', 77),
(53, 1, 42, '2020-05-13', 82),
(54, 1, 204, '2020-05-13', 52),
(55, 1, 148.75, '2020-05-13', 53),
(56, 1, 148, '2020-05-13', 56),
(57, 1, 165, '2020-05-13', 60),
(58, 1, 132, '2020-05-13', 73),
(59, 1, 170, '2020-05-13', 54),
(60, 1, 175.75, '2020-05-13', 16),
(61, 1, 339.15, '2020-05-13', 20),
(62, 1, 58.5, '2020-05-13', 46),
(63, 1, 382.5, '2020-05-13', 41),
(64, 1, 216.75, '2020-05-13', 37),
(65, 1, 304, '2020-05-13', 7),
(66, 1, 310.5, '2020-05-13', 9),
(67, 1, 100, '2020-05-13', 10),
(68, 1, 399, '2020-05-13', 15),
(69, 1, 200, '2020-05-13', 17),
(70, 1, 335.5, '2020-05-13', 21),
(71, 1, 335.75, '2020-05-13', 18),
(72, 2, 446, '2020-05-13', 30),
(73, 3, 693, '2020-05-13', 22),
(74, 5, 864.75, '2020-05-13', 34),
(75, 2, 362.6, '2020-05-13', 25),
(76, 3, 842.25, '2020-05-13', 26),
(77, 3, 513.25, '2020-05-13', 27),
(78, 1, 195, '2020-05-13', 31),
(79, 2, 505.4, '2020-05-13', 36),
(80, 2, 475.75, '2020-05-13', 38),
(81, 1, 75, '2020-05-13', 44),
(82, 1, 304, '2020-05-13', 47),
(83, 1, 139, '2020-05-13', 43),
(84, 1, 370.5, '2020-05-13', 42),
(85, 1, 238, '2020-05-13', 92),
(86, 2, 675, '2020-05-13', 95),
(87, 1, 205, '2020-05-13', 99),
(88, 3, 193, '2020-05-13', 93),
(89, 2, 148, '2020-05-13', 97),
(90, 2, 479, '2020-05-13', 50),
(91, 2, 402.6, '2020-05-13', 58),
(92, 3, 302.5, '2020-05-13', 64),
(93, 2, 464.65, '2020-05-13', 65),
(94, 1, 215, '2020-05-13', 68),
(95, 2, 595.5, '2020-05-13', 69),
(97, 1, 306, '2020-05-13', 78),
(98, 2, 435, '2020-05-13', 85),
(99, 1, 310.25, '2020-05-13', 87),
(100, 1, 185.25, '2020-05-13', 80),
(101, 1, 165.75, '2020-05-13', 49),
(102, 1, 140, '2020-05-13', 51),
(103, 2, 463.75, '2020-05-13', 57),
(104, 3, 912.4, '2020-05-13', 61),
(105, 2, 316, '2020-05-13', 88),
(106, 3, 565.25, '2020-05-13', 81),
(107, 1, 297.5, '2020-05-13', 72),
(108, 1, 270.75, '2020-05-13', 83),
(109, 2, 439.65, '2020-05-13', 74),
(110, 1, 156, '2020-05-14', 102);

-- --------------------------------------------------------

--
-- Table structure for table `order_book`
--

CREATE TABLE `order_book` (
  `order_id` int(11) NOT NULL,
  `isbn` varchar(13) NOT NULL
) ENGINE=InnoDB DEFAULT CHARSET=utf8mb4;

--
-- Dumping data for table `order_book`
--

INSERT INTO `order_book` (`order_id`, `isbn`) VALUES
(5, '1010200218548'),
(10, '9786162984051'),
(10, '9786163376176'),
(10, '9786163376190'),
(11, '9786164480162'),
(12, '9786160444991'),
(12, '9786161403089'),
(12, '9786162047398'),
(12, '9786165155984'),
(12, '9786167477541'),
(13, '1010200218548'),
(13, '8852211509302'),
(13, '9786161808075'),
(13, '9786164302136'),
(13, '9786169202387'),
(14, '9786167894256'),
(15, '9786163376145'),
(16, '9785468975112'),
(17, '9786167936840'),
(18, '9786162872082'),
(19, '9786160039845'),
(20, '9781111139301'),
(21, '9781788109956'),
(22, '9786164090040'),
(23, '9786168109182'),
(24, '9786161403157'),
(25, '9786164576698'),
(26, '1010200218548'),
(27, '9786164640511'),
(28, '9786162870699'),
(29, '9786160424641'),
(30, '9786163376190'),
(32, '9786167832388'),
(33, '9786163710475'),
(34, '9786164573499'),
(35, '9786160425471'),
(36, '9786162984600'),
(37, '9789743159893'),
(38, '9786162222826'),
(39, '9755448877956'),
(40, '9786162047497'),
(41, '9789741647286'),
(42, '1010200218548'),
(43, '9786169344353'),
(44, '9786163375551'),
(45, '9786163711410'),
(46, '9786160423217'),
(47, '9786164641563'),
(48, '9786168087831'),
(49, '9786167809250'),
(50, '9786163376589'),
(51, '9786164090040'),
(52, '9786160427178'),
(53, '9786164620070'),
(54, '9789744144508'),
(55, '9786163932884'),
(56, '9786164972858'),
(57, '9781732324956'),
(58, '9786160447848'),
(59, '9785468975112'),
(60, '9786162009785'),
(61, '9786162047633'),
(62, '8854654119098'),
(63, '9786167982434'),
(64, '9786164990548'),
(65, '9786168175033'),
(66, '9786161829261'),
(67, '9785577855614'),
(68, '9786164925502'),
(69, '9786167897868'),
(70, '9786169258049'),
(71, '9786161808075'),
(72, '9786162046797'),
(72, '9786164576698'),
(73, '1010200218548'),
(73, '9786161808075'),
(73, '9786169338505'),
(74, '9781732324956'),
(74, '9786160427178'),
(74, '9786162873423'),
(74, '9786164090040'),
(74, '9786167832371'),
(75, '9786163372802'),
(75, '9786164480162'),
(76, '9786161403089'),
(76, '9786161829063'),
(76, '9786163376145'),
(77, '9786160424641'),
(77, '9786160427178'),
(77, '9786168252024'),
(78, '9786162984051'),
(79, '9786160625307'),
(79, '9786164640511'),
(80, '9786160427178'),
(80, '9786161808075'),
(81, '1010200218548'),
(82, '9786168175033'),
(83, '9786164090040'),
(84, '9786162984600'),
(85, '9786167832296'),
(86, '9786162323236'),
(86, '9786169317364'),
(87, '9786163376176'),
(88, '1010200218548'),
(88, '9786119004375'),
(88, '9786164302143'),
(89, '9786167255118'),
(89, '9786167255248'),
(90, '9786163375865'),
(90, '9786167894225'),
(91, '9786163375551'),
(91, '9786164480162'),
(92, '9781155124956'),
(92, '9786163781543'),
(92, '9786164301696'),
(93, '9785577855614'),
(93, '9786162047497'),
(94, '9786169254621'),
(95, '9786162873645'),
(95, '9786168221372'),
(97, '9786160039098'),
(98, '9786163376176'),
(98, '9786163376190'),
(99, '9786168210062'),
(100, '9786162851506'),
(101, '9786162871825'),
(102, '9786160427178'),
(103, '9786164990548'),
(103, '9789743159893'),
(104, '9786161808075'),
(104, '9786162047633'),
(104, '9786162872082'),
(105, '9781155124956'),
(105, '9781744449956'),
(106, '9755886644771'),
(106, '9781111203023'),
(106, '9786162851506'),
(107, '9786160835812'),
(108, '9786162984891'),
(109, '1010200218548'),
(109, '9786162047497'),
(110, '9786160444991');

-- --------------------------------------------------------

--
-- Table structure for table `publishing_company`
--

CREATE TABLE `publishing_company` (
  `pub_id` int(11) NOT NULL,
  `pub_name` varchar(100) NOT NULL,
  `addr` varchar(500) DEFAULT NULL,
  `email` varchar(100) NOT NULL,
  `tel` varchar(15) DEFAULT NULL
) ENGINE=InnoDB DEFAULT CHARSET=utf8mb4;

--
-- Dumping data for table `publishing_company`
--

INSERT INTO `publishing_company` (`pub_id`, `pub_name`, `addr`, `email`, `tel`) VALUES
(1, 'โอเอ็มจี บุ๊กส์ (OMG BOOKS)', NULL, 'ohmygodbooks@gmail.com', '0614129470'),
(2, 'bookscape', NULL, 'bookscapeshop@gmail.com', '0921105501'),
(3, 'Salmonbooks แซลมอนบุ้คส์ & Bunbooks บันบุ้คส์ & Banluebooks บันลือบุ้คส์', NULL, 'support@minimore.com', '026419955'),
(4, 'เคล็ดไทย', NULL, 'kledthai@kledthai.co.th', '022259536'),
(5, 'a book Publishing', NULL, 'contact@godaypoets.com', '0863044800'),
(6, 'Nation Books (เนชั่นบุ๊คส์)', NULL, 'supaporn@nine.co.th', '0980704599'),
(7, 'Her Publishing', NULL, 'store.mbookstore.com', NULL),
(8, 'เพชรประกาย', NULL, 'phetpraguybook@gmail.com', '0853261566'),
(9, 'ปัญญาชน ดิสทริบิวเตอร์', NULL, 'panyachon2012@hotmail.com', '0813578378'),
(10, 'The Letter Publishing', NULL, 'baakpae@hotmail.com', '0868694241'),
(11, 'สำนักพิมพ์ FULLSTOP', NULL, 'fullstopkid@yahoo.com', '0888309988'),
(12, 'Provision & DPlus Guide : DPLUS SHOP', NULL, 'sales@provision.co.th', '0819285299'),
(13, 'ศูนย์หนังสือแห่งจุฬาลงกรณ์มหาวิทยาลัย', NULL, '\r\ninfo@cubook.chula.ac.th', '022554433'),
(14, 'ลงทุนแมน', NULL, 'www.longtunman.com', NULL),
(15, 'expernetbooks', NULL, '\r\npublic@expernetbooks.com', '027181821'),
(16, 'สำนักพิมพ์บิงโก Bingo', NULL, 'superposition.books@gmail.com', '0948107272'),
(17, 'สำนักพิมพ์บ้านพระอาทิตย์', NULL, 'newbookbaanphraathit@gmail.com', '0827828353'),
(18, 'Bongkoch_publishing', NULL, 'bkmarketing@bongkoch.com', '028077887'),
(19, 'E.Q.Plus Shop', NULL, 'e.q.plusshop2003@gmail.com', '0958689101'),
(20, 'DK TODAY', NULL, 'kritsada@dktoday.co.th', '0863418961'),
(21, 'nanmeebooks', NULL, '\r\ncontact@nanmeebooks.com', '026623000'),
(22, 'สำนักพิมพ์ห้องเรียน', NULL, 'classpublishing.thailand@gmail.com', '022780378'),
(23, 'siamintershop', NULL, 'smmmarketing7@gmail.com', '0906672782'),
(24, 'อนิแม็กชอปออนไลน์ (ในเครือ A Book by AG Group Co., Ltd)', NULL, 'animagshop@animagonline.com', '0897744136'),
(25, 'Punica', NULL, 'blackaholic.shopping@gmail.com', '0957370633'),
(26, 'VIBULKIJ ONLINE', NULL, 'vibulkij@gmail.com', '027462477'),
(27, 'Bakerybook', NULL, 'bakerybook@hotmail.com', NULL),
(28, 'บริษัทสถาพรบุ๊คส์ จำกัด', NULL, 'info@satapornbooks.com', '0294038556'),
(29, 'DAIFUKU', NULL, 'webmaster@booktime.co.th', '0864151212'),
(30, 'Happy Banana', NULL, 'pc-bookclub@hotmail.com', '0863306425'),
(31, 'Hermit Books', NULL, 'hermit_books@hotmail.com', '0934515366'),
(32, 'สำนักพิมพ์เอ็มไอเอส', '', 'misbook@hotmail.com', '022948777'),
(33, 'AMARINBOOKS', '', 'cs@naiin.com', '029549560-4'),
(34, 'ทิบไทยอินเตอร์บุ๊ค สำนักพิมพ์', '299/201 หมู่ 4 หมู่บ้านวิสต้าปาร์ควิภาวดี ถนนวิภาวดี-รังสิต แขวงตลาดบางเขน เขตหลักสี่ กรุงเทพมหานคร 10210', 'editor_tib@yahoo.com', '025517792'),
(35, 'Wongklom Journey', '', 'm.me/1524790057836094\r\n', ''),
(36, 'GANBATTE', '285/33 ซอยจรัญสนิทวงศ์ 31 แขวงบางขุนศรี เขตบางกอกน้อย กรุงเทพฯ 10700', 'editor@ganbattehouse.com\r\n', '028404851'),
(37, 'openbooks', '', 'openbooksthailand@gmail.com', ''),
(38, 'Success Publisher', '', 'prawpayom.pp@gmail.com', '0957148737'),
(39, 'Naiin-Official-Shop', '', 'cs@naiin.com', '0295495604'),
(40, 'สสส.การสร้างเสริมสุข', '99/8 ซอยงามดูพลี ถนนพระรามสี่ แขวงทุ่งมหาเมฆเขตสาทร กรุงเทพมหานคร 10120', 'Thaihealthcenter@thaihealth.or.th', '023431500'),
(41, 'พิมพ์ทวีคูณ', '', 'ไม่มีข้อมูลติดต่อ', ''),
(42, 'วีเลิร์น (WeLearn)', '2922/271  อาคารชาญอิสสระทาวเวอร์ 2  ถนนเพชรบุรีตัดใหม่ แขวงบางกะปิ เขตห้วยขวาง จังหวัด กรุงเทพมหานคร 10310', 'welearnbook.info@gmail.com', '027181818'),
(43, 'Cactus Publishing', '', 'ไม่มีข้อมูลติดต่อ', ''),
(44, 'EverY', '', 'www.jamsai.com ', '028404800'),
(45, 'ไทเซย์ บุ๊กส์ (Taise)', '', 'http://www.taiseibooks.com\r\n', ''),
(46, 'สำนักพิมพ์รักคุณ', '', 'rakkunpublishing@gmail.com', ''),
(47, 'SENSE BOOK', '96/187 ซอยคู้บอน 27 แยก 22 ถนนรามอินทรา แขวงท่าแร้ง เขตบางเขน กทม 10220', 'sense-book@hotmail.com', '020435565'),
(48, 'Facai Novels', '', 'facainovels@hotmail.com', ''),
(49, '2U Publishing', '', '2upublishing@gmail.com', ''),
(50, 'Sofa Publishing', '54 ซ.นาคนิวาส 37 แยก 1-4 ถ.นาคนิวาส แขวงลาดพร้าว เขตลาดพร้าว กรุงเทพฯ 10230', 'sofapublishing@gmail.com', '025394492'),
(51, 'SE-ED', '', 'textbook@se-ed.com', '028268351'),
(52, 'DAMRONGPINKOON', 'Damrong Pinkoon CO.,Ltd\r\n999 Gaysorn Plaza fl.5\r\nPloenchit Rd. , Lumpini,\r\nPathumwan, BKK 10330 Thailand', 'pinkoon123@gmail.com', ''),
(53, 'พราว', '', 'proudorder@hotmail.com', ''),
(54, 'วิตตี้ กรุ๊ป', '52/3-4 ซอยนาคบำรุง ถนนบำรุงเมือง แขวงคลองมหานาค เขตป้อมปราบฯ กรุงเทพฯ 10100', 'info@witty.net', '026217171'),
(55, 'อักษรา ฟอร์ คิดส์ ร้านหนังสือเด็ก', '', 'aksaraforkids@hotmail.com', '0877005590'),
(56, 'Plan For Kids แปลน ฟอร์ คิดส์', '', 'dm@planforkids.com', '025752559'),
(57, 'สำนักพิมพ์มังกี้บุ๊กส์', '', 'themonkeybooks@hotmail.com', '024333535'),
(58, 'เบสต์โฟร์คิดส์ไม้ยมก', '', 'i_good_g@yahoo.com', '0819382991'),
(59, 'สำนักพิมพ์ไดรฟ์', '', 'www.welearnbook.com', ''),
(60, 'SAENGDAO', 'เลขที่ 2 ซอบงามวงศ์วาน 47 แยก 2-5-2 แขวงทุ่งสองห้อง เขตหลักสี่ กรุงเทพฯ 10210', 'info@saengdao.com', '029549841-3'),
(61, 'แจ่มใส', 'บริษัท แจ่มใส พับลิชชิ่ง จำกัด\r\n285/33 ซอย 31 ถนนจรัญสนิทวงศ์ แขวงบางขุนศรี เขตบางกอกน้อย กทม 10700', 'www.jamsai.com', '028404800'),
(62, 'แพรวเพื่อนเด็ก', '', 'amarinbookclubfan@gmail.com', '024229999'),
(63, 'KOOB', NULL, 'm.me/KOOBBOOKS', NULL),
(64, 'Phoenix Next', NULL, 'marketing@kadokawa-amarin.co.th', '024340333'),
(65, 'Zenshu', NULL, 'zenshuonline@gmail.com', '022942327'),
(66, 'Gemini Publishing', NULL, 'geminipublishing2019@gmail.com', NULL),
(67, 'Move Publishing', NULL, 'm.me/movepublishing.th', '025020700'),
(68, 'Busy-day Publishing', NULL, 'http://www.busy-day.com', NULL),
(69, 'Bunbooks', NULL, 'http://www.bun-books.com', NULL),
(70, 'มูลนิธิเอสซีจี', NULL, 'https://www.scgfoundation.org/th/contact', NULL),
(71, 'สำนักพิมพ์ทองเกษม', 'สำนักพิมพ์ ทองเกษม เลขที่ 146 ถนนสาทรเหนือ แขวงสีลม เขตบางรัก กรุงเทพมหานคร 10500', 'editor@thongkasem.com', '026488000'),
(72, 'สำนักพิมพ์สิตานันฒ์', NULL, 'ไม่มีข้อมูลติดต่อ', NULL),
(73, 'สำนักพิมพ์วารา', NULL, 'narachitcfc@gmail.com', '0897438888'),
(74, 'โค-เวิร์คกิ้งเอสเอ็มอี, บจก.', NULL, 'ไม่มีข้อมูลติดต่อ', NULL),
(75, 'BINGO', NULL, 'https://bingobook.co/', NULL),
(76, 'แฮปปี้คิดส์', NULL, 'ไม่มีข้อมูลติดต่อ', NULL),
(77, 'SMM Co-Novel', NULL, 'https://www.smm.co.th/contact-us/', NULL),
(78, 'บ้านวายบุ๊ค', NULL, 'yyyybook@gmail.com', '0809472008'),
(79, 'อมรินทร์ How to', NULL, 'amarinbookclubfan@gmail.com', '024229999'),
(80, 'สำนักพิมพ์อินเทรนด์', NULL, 'http://www.intrend.pub', NULL),
(81, 'แมงมุมบุ๊ก', NULL, 'https://twitter.com/mangmoomculture', NULL),
(82, 'เรียนนอกกะลา', NULL, 'ไม่มีข้อมูลติดต่อ', NULL),
(83, 'อมรินทร์คอมมิกส์', NULL, 'amarinbookclubfan@gmail.com', NULL),
(84, 'Meedees Publishing', NULL, '2meedees@gmail.com', '0906672782'),
(85, 'สุกิจ ศุภกิจเจริญ', NULL, 'ไม่มีข้อมูลติดต่อ', NULL),
(86, 'สำนักพิมพ์อ่านเพลิน', NULL, 'ไม่มีข้อมูลติดต่อ', NULL),
(87, 'อาจารย์โตโร่', NULL, 'ไม่มีข้อมูลติดต่อ', NULL),
(88, 'Happy Parenting', NULL, 'm.me/HappyParentingThai', NULL),
(89, 'รัฐนันท์ ลีเศรษฐเลิศ', NULL, 'ไม่มีข้อมูลติดต่อ', NULL),
(90, 'JnD Publishing', NULL, 'm.me/jndbook', NULL),
(91, 'สำนักพิมพ์ภูตะวัน', NULL, 'ไม่มีข้อมูลติดต่อ', NULL),
(92, 'สำนักพิมพ์ฟอร์เวิร์ด', '70/123 หมู่บ้านลักษมี ถ.พรหมประกาย ต.หมากแข้ง อ.เมือง จ.อุดรธานี 41000', 'adisak.forwardbooks@yahoo.co.th', '0898619448'),
(93, 'ซัคเซซ อีเว้นท์ เอเซ', NULL, 'ไม่มีข้อมูลติดต่อ', NULL),
(94, 'พาส เอ็ดดูเคชั่น', '248 ถนนสิรินธร แขวงบางพลัด เขตบางพลัด\r\nกรุงเทพฯ 10700', 'info@passeducation.com', '028812840'),
(95, 'Read Comics Publishing', NULL, 'm.me/readcomics', NULL),
(96, 'Pride', NULL, 'pridebook.9@gmail.com', '024573521'),
(97, 'บ้านสายสวรรค์', NULL, 'ไม่มีข้อมูลติดต่อ', NULL),
(98, 'สำนักพิมพ์วิช', NULL, 'ไม่มีข้อมูลติดต่อ', NULL),
(99, 'Move Forward', NULL, 'ไม่มีข้อมูลติดต่อ', NULL),
(100, 'KIDS Learning', NULL, 'info@phetpraguy.com', NULL),
(101, 'Cartoonthai Studio', NULL, 'vrcartoonthai@gmail.com', NULL),
(102, 'Books Maker', NULL, 'ไม่มีข้อมูลติดต่อ', NULL),
(103, 'Words Wonder Publishing', NULL, 'm.me/wordswonderbook', '0875172442'),
(104, '\r\nน้ำพุสำนักพิมพ์', NULL, 'm.me/numpupublishing', NULL),
(105, 'ห้องสมุดดอตคอม', NULL, 'https://www.hongsamut.com/', NULL),
(106, 'Tibbook', NULL, 'sale_tib@yahoo.com', NULL),
(107, 'Wing Media', NULL, 'm.me/357163790977742', NULL),
(108, 'Little Heart', NULL, '\r\nlittleheart@idcpremier.com', NULL);

--
-- Indexes for dumped tables
--

--
-- Indexes for table `author`
--
ALTER TABLE `author`
  ADD PRIMARY KEY (`author_id`);

--
-- Indexes for table `book`
--
ALTER TABLE `book`
  ADD PRIMARY KEY (`isbn`),
  ADD KEY `catagory_id` (`catagory_id`),
  ADD KEY `pub_id` (`pub_id`),
  ADD KEY `author_id` (`author_id`);

--
-- Indexes for table `cart`
--
ALTER TABLE `cart`
  ADD PRIMARY KEY (`mem_id`,`isbn`),
  ADD KEY `isbn` (`isbn`);

--
-- Indexes for table `catagory`
--
ALTER TABLE `catagory`
  ADD PRIMARY KEY (`catagory_id`);

--
-- Indexes for table `member`
--
ALTER TABLE `member`
  ADD PRIMARY KEY (`mem_id`);

--
-- Indexes for table `memorder`
--
ALTER TABLE `memorder`
  ADD PRIMARY KEY (`order_id`),
  ADD KEY `mem_id` (`mem_id`);

--
-- Indexes for table `order_book`
--
ALTER TABLE `order_book`
  ADD PRIMARY KEY (`order_id`,`isbn`),
  ADD KEY `isbn` (`isbn`);

--
-- Indexes for table `publishing_company`
--
ALTER TABLE `publishing_company`
  ADD PRIMARY KEY (`pub_id`);

--
-- AUTO_INCREMENT for dumped tables
--

--
-- AUTO_INCREMENT for table `member`
--
ALTER TABLE `member`
  MODIFY `mem_id` int(11) NOT NULL AUTO_INCREMENT, AUTO_INCREMENT=103;

--
-- AUTO_INCREMENT for table `memorder`
--
ALTER TABLE `memorder`
  MODIFY `order_id` int(11) NOT NULL AUTO_INCREMENT, AUTO_INCREMENT=111;

--
-- Constraints for dumped tables
--

--
-- Constraints for table `book`
--
ALTER TABLE `book`
  ADD CONSTRAINT `book_ibfk_1` FOREIGN KEY (`catagory_id`) REFERENCES `catagory` (`catagory_id`),
  ADD CONSTRAINT `book_ibfk_2` FOREIGN KEY (`pub_id`) REFERENCES `publishing_company` (`pub_id`),
  ADD CONSTRAINT `book_ibfk_3` FOREIGN KEY (`author_id`) REFERENCES `author` (`author_id`);

--
-- Constraints for table `cart`
--
ALTER TABLE `cart`
  ADD CONSTRAINT `cart_ibfk_1` FOREIGN KEY (`mem_id`) REFERENCES `member` (`mem_id`),
  ADD CONSTRAINT `cart_ibfk_2` FOREIGN KEY (`isbn`) REFERENCES `book` (`isbn`);

--
-- Constraints for table `memorder`
--
ALTER TABLE `memorder`
  ADD CONSTRAINT `memorder_ibfk_1` FOREIGN KEY (`mem_id`) REFERENCES `member` (`mem_id`);

--
-- Constraints for table `order_book`
--
ALTER TABLE `order_book`
  ADD CONSTRAINT `order_book_ibfk_1` FOREIGN KEY (`isbn`) REFERENCES `book` (`isbn`),
  ADD CONSTRAINT `order_book_ibfk_2` FOREIGN KEY (`order_id`) REFERENCES `memorder` (`order_id`);
COMMIT;

/*!40101 SET CHARACTER_SET_CLIENT=@OLD_CHARACTER_SET_CLIENT */;
/*!40101 SET CHARACTER_SET_RESULTS=@OLD_CHARACTER_SET_RESULTS */;
/*!40101 SET COLLATION_CONNECTION=@OLD_COLLATION_CONNECTION */;
